period,REFINOBS,TOTIMPSB,crude_qty_10000t,crude_value_usd_1000,refined_qty_10000t,refined_value_usd_1000,days,gacc_crude_kbd,discrepancy_crude
2019-01-01,13880.1368,10228.1652,,,,,31,,
2019-02-01,13659.9043,10066.0457,,,,,28,,
2019-03-01,12853.4477,9289.3161,,,,,31,,
2019-04-01,14654.884,10670.12,,,,,30,,
2019-05-01,13567.9742,9499.471,,,,,31,,
2019-06-01,13522.968,9657.52,,,,,30,,
2019-07-01,13359.9445,9690.7355,,,,,31,,
2019-08-01,13830.7858,9957.5613,,,,,31,,
2019-09-01,14204.46,10062.56,,,,,30,,
2019-10-01,14615.6787,10746.2323,,,,,31,,
2019-11-01,14865.212,11160.56,,,,,30,,
2019-12-01,14793.4839,10739.1484,,,,,31,,
2020-01-01,13814.2568,10420.3742,,,,,31,,
2020-02-01,14040.5172,10591.2828,,,,,29,,
2020-03-01,13431.7277,9704.9032,,,,,31,,
2020-04-01,14694.9,9864.92,,,,,30,,
2020-05-01,15421.5871,11327.1097,,,,,31,,
2020-06-01,17056.576,12975.92,,,,,30,,
2020-07-01,15581.4465,12111.0581,,,,,31,,
2020-08-01,14859.3639,11211.4065,,,,,31,,
2020-09-01,16478.052,11829.608,,,,,30,,
2020-10-01,13908.7084,10049.6516,,,,,31,,
2020-11-01,14885.952,11067.84,,,,,30,,
2020-12-01,12865.7265,9083.8839,,,,,31,,
2021-01-01,14532.5613,10731.8284,,,,,31,,
2021-02-01,15619.5729,11534.49,,,,,28,,
2021-03-01,15746.7368,11725.9316,,,,,31,,
2021-04-01,13851.148,9847.84,,,,,30,,
2021-05-01,13694.5394,9673.7342,,,,,31,,
2021-06-01,13819.672,9792.94,,,,,30,,
2021-07-01,13581.6697,9737.9613,,,,,31,,
2021-08-01,14535.631,10514.8258,,,,,31,,
2021-09-01,14050.008,10016.2,,,,,30,,
2021-10-01,12878.7135,8925.6774,,,,,31,,
2021-11-01,13997.792,10196.76,,,,,30,,
2021-12-01,14659.5987,10894.9935,,,,,31,,
2022-01-01,13931.3768,10015.1768,,,,,31,,
2022-02-01,15537.2229,11169.7971,,,,,28,,
2022-03-01,14267.6245,10085.071,,,,,31,,
2022-04-01,14605.352,10499.32,,,,,30,,
2022-05-01,14967.511,10819.4323,,,,,31,,
2022-06-01,12883.2,8739.836,,,,,30,,
2022-07-01,12847.3084,8814.2245,,,,,31,,
2022-08-01,13414.2542,9528.751,,,,,31,,
2022-09-01,13743.788,9819.048,,,,,30,,
2022-10-01,14207.8839,10186.6065,,,,,31,,
2022-11-01,15499.612,11404.56,,,,,30,,
2022-12-01,15322.649,11349.5419,,,,,31,,
2023-01-01,13954.9897,9928.0452,,,,,31,,
2023-02-01,15440.2329,10984.9671,,,,,28,,
2023-03-01,16580.9806,12351.4374,,,,,31,,
2023-04-01,14562.896,10347.308,,,,,30,,
2023-05-01,16376.4929,12147.4219,,,,,31,,
2023-06-01,16949.216,12703.128,,,,,30,,
2023-07-01,14346.4916,10315.5329,,,,,31,,
2023-08-01,16538.9497,12468.5574,,,,,31,,
2023-09-01,15244.632,11160.56,,,,,30,,
2023-10-01,15653.9381,11563.0026,,,,,31,,
2023-11-01,14532.64,10356.58,,,,,30,,
2023-12-01,15565.3897,11419.4361,,,,,31,,
2024-01-01,15506.8297,11095.7032,,,,,31,,
2024-02-01,14575.8869,10429.2331,,,,,29,,
2024-03-01,15905.8877,11582.6013,,,,,31,,
2024-04-01,15108.968,10911.436,,,,,30,,
2024-05-01,15375.3058,11090.2723,,,,,31,,
2024-06-01,15694.812,11334.532,,,,,30,,
2024-07-01,14215.2039,9997.231,,,,,31,,
2024-08-01,15678.4955,11594.6439,,,,,31,,
2024-09-01,15205.104,11099.072,,,,,30,,
2024-10-01,14702.8103,10554.0232,,,,,31,,
2024-11-01,15986.392,11839.124,,,,,30,,
2024-12-01,15425.3652,11296.649,,,,,31,,
2025-01-01,14560.1884,10380.9406,,,,,31,,
2025-02-01,14627.7129,10428.9086,,,,,28,,
2025-03-01,16469.5277,12073.9858,,,,,31,,
2025-04-01,16000.3,11724.444,,,,,30,,
2025-05-01,15322.8852,11003.6129,,,,,31,,
2025-06-01,16304.812,12171.452,4989.0,24208656.0,338.0,1920095.0,30,12173.16,1.7080000000005384
2025-07-01,15349.8039,11145.5265,4720.0,23868482.0,403.0,2254841.0,31,11145.290322580646,-0.23617741935413505
2025-08-01,15959.7252,11686.4981,4949.0,24929306.0,334.0,1946011.0,31,11686.025806451613,-0.47229354838782456
2025-09-01,15747.76,11447.016,4725.0,23828847.0,395.0,2171769.0,30,11529.0,81.98400000000038
2025-10-01,15629.3806,11418.4916,4836.0,24217445.0,351.0,1898673.0,31,11419.2,0.7084000000013475
2025-11-01,16698.872,12417.404,5089.0,24510819.0,424.0,2256576.0,30,12417.16,-0.24400000000059663
2025-12-01,17397.5148,13214.489,5597.0,26642861.0,399.0,1957296.0,31,13216.14193548387,1.6529354838712607
2026-01-01,16414.5097,12010.9394,4889.0,22117222.0,426.0,2207562.0,31,11544.348387096774,-466.5910129032254
2026-02-01,16458.7586,12043.4914,4805.0,22203513.0,478.0,2464682.0,28,12561.642857142857,518.1514571428561
2026-03-01,16257.4839,11802.2013,4998.0,27055087.0,364.0,2472628.0,31,11801.729032258065,-0.47226774193586607
2026-04-01,13693.768,9386.924,3847.0,28620061.0,181.0,1537046.0,30,9386.68,-0.24400000000059663
2026-05-01,12106.8077,7811.3845,3308.0,26688738.0,130.0,1262553.0,31,7811.148387096774,-0.23611290322605782
2026-06-01,,,2927.0,22406051.0,174.0,1414644.0,30,7141.88,
