observation_date,DCOILBRENTEU,DCOILWTICO,spread
2019-01-02,54.06,46.31,7.75
2019-01-03,53.23,46.92,6.309999999999995
2019-01-04,55.64,47.76,7.880000000000003
2019-01-07,57.1,48.27,8.829999999999998
2019-01-08,56.91,49.58,7.329999999999998
2019-01-09,59.46,52.19,7.270000000000003
2019-01-10,60.47,52.42,8.049999999999997
2019-01-11,59.24,51.44,7.800000000000004
2019-01-14,58.8,50.31,8.489999999999995
2019-01-15,58.65,51.8,6.850000000000001
2019-01-16,59.81,52.08,7.730000000000004
2019-01-17,59.85,51.83,8.020000000000003
2019-01-18,62.04,53.6,8.439999999999998
2019-01-21,62.18,,
2019-01-22,60.9,52.59,8.309999999999995
2019-01-23,61.05,52.44,8.61
2019-01-24,61.09,52.94,8.150000000000006
2019-01-25,61.49,53.53,7.960000000000001
2019-01-28,59.71,51.79,7.920000000000002
2019-01-29,60.98,53.07,7.909999999999997
2019-01-30,61.89,54.18,7.710000000000001
2019-01-31,62.46,53.84,8.619999999999997
2019-02-01,61.86,55.29,6.57
2019-02-04,62.26,54.57,7.689999999999998
2019-02-05,61.67,53.69,7.980000000000004
2019-02-06,62.22,53.94,8.280000000000001
2019-02-07,61.01,52.68,8.329999999999998
2019-02-08,61.37,52.75,8.619999999999997
2019-02-11,61.3,52.43,8.869999999999997
2019-02-12,62.58,53.14,9.439999999999998
2019-02-13,63.27,53.84,9.43
2019-02-14,64.0,54.4,9.600000000000001
2019-02-15,65.65,55.58,10.070000000000007
2019-02-18,66.41,,
2019-02-19,65.86,56.12,9.740000000000002
2019-02-20,66.82,56.9,9.919999999999995
2019-02-21,66.91,56.95,9.959999999999994
2019-02-22,66.91,57.01,9.899999999999999
2019-02-25,64.02,55.32,8.699999999999996
2019-02-26,64.51,55.4,9.110000000000007
2019-02-27,65.55,56.92,8.629999999999995
2019-02-28,65.03,57.21,7.82
2019-03-01,63.71,55.76,7.950000000000003
2019-03-04,64.44,56.6,7.839999999999996
2019-03-05,64.24,56.55,7.689999999999998
2019-03-06,64.51,56.22,8.290000000000006
2019-03-07,64.82,56.6,8.219999999999992
2019-03-08,65.66,55.77,9.889999999999993
2019-03-11,65.06,56.79,8.270000000000003
2019-03-12,65.33,56.89,8.439999999999998
2019-03-13,65.89,58.27,7.619999999999997
2019-03-14,66.18,58.59,7.590000000000003
2019-03-15,66.11,58.51,7.600000000000001
2019-03-18,66.65,59.09,7.560000000000002
2019-03-19,67.13,59.12,8.009999999999998
2019-03-20,68.35,60.12,8.229999999999997
2019-03-21,68.3,59.98,8.32
2019-03-22,66.29,58.87,7.420000000000009
2019-03-25,67.37,58.71,8.660000000000004
2019-03-26,67.51,59.87,7.640000000000008
2019-03-27,67.35,59.39,7.959999999999994
2019-03-28,66.08,59.29,6.789999999999999
2019-03-29,67.93,60.19,7.740000000000009
2019-04-01,69.08,61.59,7.489999999999995
2019-04-02,69.68,62.53,7.150000000000006
2019-04-03,69.21,62.46,6.749999999999993
2019-04-04,69.8,62.12,7.68
2019-04-05,69.93,63.1,6.830000000000005
2019-04-08,71.12,64.37,6.75
2019-04-09,71.02,64.05,6.969999999999999
2019-04-10,71.63,64.62,7.009999999999991
2019-04-11,71.3,63.61,7.689999999999998
2019-04-12,71.57,63.86,7.709999999999994
2019-04-15,70.9,63.43,7.470000000000006
2019-04-16,70.74,64.01,6.72999999999999
2019-04-17,71.14,63.74,7.399999999999999
2019-04-18,70.71,64.02,6.689999999999998
2019-04-22,70.71,65.66,5.049999999999997
2019-04-23,74.39,66.24,8.150000000000006
2019-04-24,73.59,65.96,7.63000000000001
2019-04-25,74.94,65.23,9.709999999999994
2019-04-26,71.03,63.29,7.740000000000002
2019-04-29,71.22,63.39,7.829999999999998
2019-04-30,72.19,63.83,8.36
2019-05-01,72.01,63.55,8.460000000000008
2019-05-02,70.56,61.75,8.810000000000002
2019-05-03,71.95,61.98,9.970000000000006
2019-05-06,71.95,62.3,9.650000000000006
2019-05-07,70.98,61.41,9.570000000000007
2019-05-08,71.09,62.13,8.96
2019-05-09,70.61,61.58,9.030000000000001
2019-05-10,71.63,61.65,9.979999999999997
2019-05-13,72.35,60.97,11.379999999999995
2019-05-14,72.53,61.82,10.71
2019-05-15,73.09,62.03,11.060000000000002
2019-05-16,74.7,62.93,11.770000000000003
2019-05-17,73.94,62.77,11.169999999999995
2019-05-20,73.21,63.12,10.089999999999996
2019-05-21,72.94,63.02,9.919999999999995
2019-05-22,71.94,61.42,10.519999999999996
2019-05-23,68.37,57.65,10.720000000000006
2019-05-24,67.98,58.4,9.580000000000005
2019-05-28,70.19,58.91,11.280000000000001
2019-05-29,70.64,58.84,11.799999999999997
2019-05-30,69.55,56.47,13.079999999999998
2019-05-31,66.78,53.49,13.29
2019-06-03,63.16,53.25,9.909999999999997
2019-06-04,63.56,53.5,10.060000000000002
2019-06-05,62.14,51.57,10.57
2019-06-06,62.77,52.59,10.18
2019-06-07,64.1,53.95,10.149999999999991
2019-06-10,64.31,53.33,10.980000000000004
2019-06-11,63.56,53.3,10.260000000000005
2019-06-12,61.66,51.13,10.529999999999994
2019-06-13,63.28,52.38,10.899999999999999
2019-06-14,63.13,52.47,10.660000000000004
2019-06-17,62.56,51.94,10.620000000000005
2019-06-18,63.35,53.86,9.490000000000002
2019-06-19,62.85,53.74,9.11
2019-06-20,65.44,56.88,8.559999999999995
2019-06-21,65.99,57.35,8.639999999999993
2019-06-24,65.16,57.73,7.43
2019-06-25,66.24,57.63,8.609999999999992
2019-06-26,66.85,59.17,7.679999999999993
2019-06-27,66.78,59.18,7.600000000000001
2019-06-28,67.52,58.2,9.319999999999993
2019-07-01,65.1,58.91,6.189999999999998
2019-07-02,62.72,56.0,6.719999999999999
2019-07-03,63.53,57.06,6.469999999999999
2019-07-04,63.62,,
2019-07-05,64.23,,
2019-07-08,64.89,57.35,7.539999999999999
2019-07-09,64.3,57.57,6.729999999999997
2019-07-10,66.41,60.28,6.1299999999999955
2019-07-11,67.64,59.93,7.710000000000001
2019-07-12,66.65,59.99,6.660000000000004
2019-07-15,66.86,59.3,7.560000000000002
2019-07-16,65.87,57.44,8.430000000000007
2019-07-17,63.67,56.5,7.170000000000002
2019-07-18,60.7,55.08,5.6200000000000045
2019-07-19,61.04,55.42,5.619999999999997
2019-07-22,61.96,55.87,6.090000000000003
2019-07-23,62.28,56.58,5.700000000000003
2019-07-24,63.83,55.9,7.93
2019-07-25,63.47,55.88,7.589999999999996
2019-07-26,62.46,56.04,6.420000000000002
2019-07-29,62.29,56.85,5.439999999999998
2019-07-30,62.55,58.04,4.509999999999998
2019-07-31,64.07,58.53,5.539999999999992
2019-08-01,62.9,53.64,9.259999999999998
2019-08-02,61.12,55.67,5.449999999999996
2019-08-05,59.32,54.63,4.689999999999998
2019-08-06,58.63,53.6,5.030000000000001
2019-08-07,55.03,51.14,3.8900000000000006
2019-08-08,56.29,52.6,3.6899999999999977
2019-08-09,57.37,54.41,2.960000000000001
2019-08-12,57.13,54.98,2.1500000000000057
2019-08-13,59.9,57.05,2.8500000000000014
2019-08-14,57.86,55.16,2.700000000000003
2019-08-15,57.37,54.51,2.8599999999999994
2019-08-16,59.0,54.83,4.170000000000002
2019-08-19,59.79,56.24,3.549999999999997
2019-08-20,59.03,56.18,2.8500000000000014
2019-08-21,60.6,55.65,4.950000000000003
2019-08-22,59.81,55.33,4.480000000000004
2019-08-23,58.64,54.08,4.560000000000002
2019-08-26,58.64,53.54,5.100000000000001
2019-08-27,58.44,54.99,3.4499999999999957
2019-08-28,60.42,55.76,4.660000000000004
2019-08-29,60.59,56.67,3.9200000000000017
2019-08-30,61.04,55.07,5.969999999999999
2019-09-02,58.55,,
2019-09-03,57.93,53.91,4.020000000000003
2019-09-04,60.68,56.22,4.460000000000001
2019-09-05,62.7,56.33,6.3700000000000045
2019-09-06,61.28,56.45,4.829999999999998
2019-09-09,63.99,57.88,6.109999999999999
2019-09-10,64.67,57.37,7.300000000000004
2019-09-11,63.02,55.66,7.3600000000000065
2019-09-12,60.76,55.13,5.6299999999999955
2019-09-13,61.25,54.76,6.490000000000002
2019-09-16,68.42,63.1,5.32
2019-09-17,65.59,59.26,6.330000000000005
2019-09-18,64.29,58.19,6.1000000000000085
2019-09-19,64.25,58.19,6.060000000000002
2019-09-20,65.23,57.92,7.310000000000002
2019-09-23,64.66,58.69,5.969999999999999
2019-09-24,64.13,57.22,6.909999999999997
2019-09-25,62.41,56.38,6.029999999999994
2019-09-26,62.08,56.24,5.839999999999996
2019-09-27,62.48,55.95,6.529999999999994
2019-09-30,60.99,54.09,6.899999999999999
2019-10-01,60.06,53.6,6.460000000000001
2019-10-02,57.92,52.67,5.25
2019-10-03,58.01,52.41,5.600000000000001
2019-10-04,59.13,52.84,6.289999999999999
2019-10-07,59.46,52.76,6.700000000000003
2019-10-08,58.14,52.64,5.5
2019-10-09,59.7,52.63,7.07
2019-10-10,59.08,53.57,5.509999999999998
2019-10-11,60.59,54.76,5.830000000000005
2019-10-14,58.81,53.57,5.240000000000002
2019-10-15,59.19,52.81,6.3799999999999955
2019-10-16,59.3,53.42,5.8799999999999955
2019-10-17,59.35,53.89,5.460000000000001
2019-10-18,59.96,53.75,6.210000000000001
2019-10-21,58.95,53.28,5.670000000000002
2019-10-22,60.5,54.21,6.289999999999999
2019-10-23,60.52,55.9,4.6200000000000045
2019-10-24,61.71,56.11,5.600000000000001
2019-10-25,62.06,56.52,5.539999999999999
2019-10-28,60.39,55.6,4.789999999999999
2019-10-29,61.05,55.34,5.709999999999994
2019-10-30,60.22,54.85,5.369999999999997
2019-10-31,59.3,54.02,5.279999999999994
2019-11-01,60.17,56.04,4.130000000000003
2019-11-04,62.52,56.33,6.190000000000005
2019-11-05,62.72,57.04,5.68
2019-11-06,62.11,56.15,5.960000000000001
2019-11-07,62.6,56.91,5.690000000000005
2019-11-08,62.0,57.02,4.979999999999997
2019-11-11,62.58,,
2019-11-12,62.19,56.67,5.519999999999996
2019-11-13,62.27,56.88,5.390000000000001
2019-11-14,62.46,56.57,5.890000000000001
2019-11-15,63.32,57.54,5.780000000000001
2019-11-18,62.82,56.82,6.0
2019-11-19,62.37,54.93,7.439999999999998
2019-11-20,63.8,56.71,7.089999999999996
2019-11-21,64.99,58.36,6.6299999999999955
2019-11-22,64.83,57.68,7.149999999999999
2019-11-25,64.67,57.79,6.880000000000003
2019-11-26,64.82,58.25,6.569999999999993
2019-11-27,65.03,58.12,6.910000000000004
2019-11-28,64.68,,
2019-11-29,64.5,58.12,6.380000000000003
2019-12-02,63.2,55.97,7.230000000000004
2019-12-03,62.95,56.15,6.800000000000004
2019-12-04,65.25,58.46,6.789999999999999
2019-12-05,65.67,58.42,7.25
2019-12-06,66.5,59.2,7.299999999999997
2019-12-09,66.44,58.99,7.449999999999996
2019-12-10,66.57,59.22,7.349999999999994
2019-12-11,65.37,58.74,6.630000000000003
2019-12-12,66.67,59.18,7.490000000000002
2019-12-13,67.44,60.11,7.329999999999998
2019-12-16,68.04,60.21,7.830000000000005
2019-12-17,68.99,60.88,8.109999999999992
2019-12-18,69.12,60.93,8.190000000000005
2019-12-19,69.7,61.3,8.400000000000006
2019-12-20,68.66,60.43,8.229999999999997
2019-12-23,67.49,60.51,6.979999999999997
2019-12-24,69.26,61.17,8.090000000000003
2019-12-26,69.26,61.72,7.540000000000006
2019-12-27,68.91,61.76,7.149999999999999
2019-12-30,68.3,61.66,6.640000000000001
2019-12-31,67.77,61.14,6.6299999999999955
2020-01-02,67.05,61.17,5.8799999999999955
2020-01-03,69.08,63.0,6.079999999999998
2020-01-06,70.25,63.27,6.979999999999997
2020-01-07,68.74,62.7,6.039999999999992
2020-01-08,67.31,59.65,7.660000000000004
2020-01-09,66.58,59.56,7.019999999999996
2020-01-10,66.77,59.02,7.749999999999993
2020-01-13,64.14,58.17,5.969999999999999
2020-01-14,64.45,58.34,6.109999999999999
2020-01-15,63.29,57.86,5.43
2020-01-16,64.63,58.52,6.109999999999992
2020-01-17,64.05,58.55,5.5
2020-01-20,64.63,,
2020-01-21,63.66,58.25,5.409999999999997
2020-01-22,62.11,56.76,5.350000000000001
2020-01-23,61.26,55.51,5.75
2020-01-24,59.34,54.09,5.25
2020-01-27,58.54,53.09,5.449999999999996
2020-01-28,59.37,53.33,6.039999999999999
2020-01-29,59.46,53.29,6.170000000000002
2020-01-30,57.72,52.19,5.530000000000001
2020-01-31,57.77,51.58,6.190000000000005
2020-02-03,54.0,50.06,3.9399999999999977
2020-02-04,53.9,49.59,4.309999999999995
2020-02-05,55.36,50.87,4.490000000000002
2020-02-06,55.18,50.94,4.240000000000002
2020-02-07,54.53,50.34,4.189999999999998
2020-02-10,53.39,49.59,3.799999999999997
2020-02-11,54.0,50.0,4.0
2020-02-12,55.54,51.13,4.409999999999997
2020-02-13,56.34,51.41,4.930000000000007
2020-02-14,57.37,52.03,5.339999999999996
2020-02-17,57.83,,
2020-02-18,57.35,52.1,5.25
2020-02-19,59.72,53.31,6.409999999999997
2020-02-20,59.57,53.77,5.799999999999997
2020-02-21,58.6,53.36,5.240000000000002
2020-02-24,56.71,51.36,5.350000000000001
2020-02-25,55.29,49.78,5.509999999999998
2020-02-26,54.96,48.67,6.289999999999999
2020-02-27,52.19,47.17,5.019999999999996
2020-02-28,51.31,44.83,6.480000000000004
2020-03-02,52.52,46.78,5.740000000000002
2020-03-03,52.24,47.27,4.969999999999999
2020-03-04,51.86,46.78,5.079999999999998
2020-03-05,51.29,45.9,5.390000000000001
2020-03-06,45.6,41.14,4.460000000000001
2020-03-09,35.33,31.05,4.279999999999998
2020-03-10,35.57,34.47,1.1000000000000014
2020-03-11,34.45,33.13,1.3200000000000003
2020-03-12,31.02,31.56,-0.5399999999999991
2020-03-13,32.25,31.72,0.5300000000000011
2020-03-16,27.98,28.96,-0.9800000000000004
2020-03-17,27.97,26.96,1.009999999999998
2020-03-18,22.79,20.48,2.3099999999999987
2020-03-19,23.98,25.09,-1.1099999999999994
2020-03-20,25.55,19.48,6.07
2020-03-23,23.75,23.33,0.4200000000000017
2020-03-24,24.5,21.03,3.469999999999999
2020-03-25,25.62,20.75,4.870000000000001
2020-03-26,23.55,16.6,6.949999999999999
2020-03-27,22.39,15.48,6.91
2020-03-30,19.19,14.1,5.090000000000002
2020-03-31,14.85,20.51,-5.660000000000002
2020-04-01,14.97,20.28,-5.3100000000000005
2020-04-02,20.24,25.18,-4.940000000000001
2020-04-03,24.33,28.36,-4.030000000000001
2020-04-06,22.58,26.21,-3.6300000000000026
2020-04-07,22.1,23.54,-1.4399999999999977
2020-04-08,25.22,24.97,0.25
2020-04-09,20.23,22.9,-2.669999999999998
2020-04-13,,22.36,
2020-04-14,21.74,20.15,1.5899999999999999
2020-04-15,19.8,19.96,-0.16000000000000014
2020-04-16,18.69,19.82,-1.129999999999999
2020-04-17,19.75,18.31,1.4400000000000013
2020-04-20,17.36,-36.98,54.339999999999996
2020-04-21,9.12,8.91,0.20999999999999908
2020-04-22,13.77,13.64,0.129999999999999
2020-04-23,15.06,15.06,0.0
2020-04-24,15.87,15.99,-0.120000000000001
2020-04-27,15.17,12.17,3.0
2020-04-28,15.6,12.4,3.1999999999999993
2020-04-29,17.86,15.04,2.8200000000000003
2020-04-30,18.11,19.23,-1.120000000000001
2020-05-01,18.49,19.72,-1.2300000000000004
2020-05-04,20.4,20.47,-0.07000000000000028
2020-05-05,25.46,24.56,0.9000000000000021
2020-05-06,24.2,23.88,0.3200000000000003
2020-05-07,24.23,23.68,0.5500000000000007
2020-05-08,,24.73,
2020-05-11,25.53,24.02,1.5100000000000016
2020-05-12,26.67,25.76,0.9100000000000001
2020-05-13,27.89,25.37,2.5199999999999996
2020-05-14,29.87,27.4,2.4700000000000024
2020-05-15,30.95,29.44,1.509999999999998
2020-05-18,33.3,31.83,1.4699999999999989
2020-05-19,33.06,32.3,0.7600000000000051
2020-05-20,34.76,33.56,1.1999999999999957
2020-05-21,34.78,34.3,0.480000000000004
2020-05-22,33.8,33.49,0.30999999999999517
2020-05-26,33.95,34.7,-0.75
2020-05-27,32.73,32.8,-0.07000000000000028
2020-05-28,33.98,33.67,0.30999999999999517
2020-05-29,34.15,35.57,-1.4200000000000017
2020-06-01,36.74,35.49,1.25
2020-06-02,37.72,36.88,0.8399999999999963
2020-06-03,37.98,37.33,0.6499999999999986
2020-06-04,38.41,37.42,0.9899999999999949
2020-06-05,41.0,39.49,1.509999999999998
2020-06-08,39.66,38.17,1.4899999999999949
2020-06-09,40.45,38.98,1.470000000000006
2020-06-10,41.18,39.54,1.6400000000000006
2020-06-11,37.76,36.43,1.3299999999999983
2020-06-12,38.54,36.24,2.299999999999997
2020-06-15,39.44,37.07,2.3699999999999974
2020-06-16,40.75,38.26,2.490000000000002
2020-06-17,40.47,37.91,2.5600000000000023
2020-06-18,41.75,38.79,2.960000000000001
2020-06-19,42.33,39.72,2.6099999999999994
2020-06-22,43.2,40.6,2.6000000000000014
2020-06-23,42.72,40.4,2.3200000000000003
2020-06-24,40.4,37.91,2.490000000000002
2020-06-25,41.18,38.66,2.520000000000003
2020-06-26,40.97,38.53,2.4399999999999977
2020-06-29,41.58,39.67,1.9099999999999966
2020-06-30,41.64,39.27,2.3699999999999974
2020-07-01,42.18,39.88,2.299999999999997
2020-07-02,43.19,40.57,2.6199999999999974
2020-07-03,42.92,,
2020-07-06,42.73,40.51,2.219999999999999
2020-07-07,43.28,40.59,2.6899999999999977
2020-07-08,43.67,40.91,2.760000000000005
2020-07-09,42.35,39.64,2.710000000000001
2020-07-10,43.27,40.56,2.710000000000001
2020-07-13,42.85,40.06,2.789999999999999
2020-07-14,42.97,40.3,2.6700000000000017
2020-07-15,43.96,41.2,2.759999999999998
2020-07-16,43.71,40.74,2.969999999999999
2020-07-17,43.53,40.55,2.980000000000004
2020-07-20,43.3,40.83,2.469999999999999
2020-07-21,44.31,41.76,2.5500000000000043
2020-07-22,43.98,41.88,2.0999999999999943
2020-07-23,42.96,40.99,1.9699999999999989
2020-07-24,43.29,41.23,2.0600000000000023
2020-07-27,43.39,41.46,1.9299999999999997
2020-07-28,43.11,40.89,2.219999999999999
2020-07-29,43.51,41.13,2.3799999999999955
2020-07-30,42.98,39.85,3.1299999999999955
2020-07-31,43.13,40.1,3.030000000000001
2020-08-03,43.76,40.83,2.9299999999999997
2020-08-04,43.99,41.67,2.3200000000000003
2020-08-05,44.92,42.25,2.6700000000000017
2020-08-06,45.04,41.93,3.1099999999999994
2020-08-07,44.07,41.16,2.9100000000000037
2020-08-10,44.19,41.94,2.25
2020-08-11,43.68,41.53,2.1499999999999986
2020-08-12,45.09,42.6,2.490000000000002
2020-08-13,44.87,42.26,2.6099999999999994
2020-08-14,44.86,42.05,2.8100000000000023
2020-08-17,44.91,42.89,2.019999999999996
2020-08-18,45.34,42.89,2.450000000000003
2020-08-19,45.21,42.91,2.3000000000000043
2020-08-20,44.56,42.62,1.9400000000000048
2020-08-21,43.94,42.32,1.6199999999999974
2020-08-24,44.43,42.44,1.990000000000002
2020-08-25,46.01,43.17,2.8399999999999963
2020-08-26,45.79,43.21,2.5799999999999983
2020-08-27,44.84,42.88,1.9600000000000009
2020-08-28,45.22,42.96,2.259999999999998
2020-08-31,,42.61,
2020-09-01,45.72,42.76,2.960000000000001
2020-09-02,42.7,42.76,-0.05999999999999517
2020-09-03,42.72,41.39,1.3299999999999983
2020-09-04,41.1,39.69,1.4100000000000037
2020-09-07,40.67,,
2020-09-08,38.53,36.87,1.6600000000000037
2020-09-09,39.98,38.05,1.9299999999999997
2020-09-10,39.27,37.25,2.020000000000003
2020-09-11,38.8,37.33,1.4699999999999989
2020-09-14,38.57,37.23,1.3400000000000034
2020-09-15,39.54,38.29,1.25
2020-09-16,41.23,40.17,1.0599999999999952
2020-09-17,42.35,40.99,1.3599999999999994
2020-09-18,42.16,41.09,1.0699999999999932
2020-09-21,40.37,39.26,1.1099999999999994
2020-09-22,40.84,39.55,1.2900000000000063
2020-09-23,41.09,39.92,1.1700000000000017
2020-09-24,41.24,40.11,1.1300000000000026
2020-09-25,40.91,40.06,0.8499999999999943
2020-09-28,41.59,40.47,1.1200000000000045
2020-09-29,40.33,39.03,1.2999999999999972
2020-09-30,40.3,40.05,0.25
2020-10-01,39.75,38.51,1.240000000000002
2020-10-02,38.0,36.9,1.1000000000000014
2020-10-05,39.78,39.12,0.6600000000000037
2020-10-06,41.27,40.52,0.75
2020-10-07,40.62,39.82,0.7999999999999972
2020-10-08,42.0,41.04,0.9600000000000009
2020-10-09,41.63,40.44,1.1900000000000048
2020-10-12,40.5,39.22,1.2800000000000011
2020-10-13,41.34,40.03,1.3100000000000023
2020-10-14,41.81,40.86,0.9500000000000028
2020-10-15,41.61,40.84,0.769999999999996
2020-10-16,41.34,40.7,0.6400000000000006
2020-10-19,41.29,40.69,0.6000000000000014
2020-10-20,41.62,41.37,0.25
2020-10-21,40.09,39.88,0.21000000000000085
2020-10-22,41.28,40.46,0.8200000000000003
2020-10-23,40.71,39.73,0.980000000000004
2020-10-26,39.06,38.39,0.6700000000000017
2020-10-27,39.72,39.34,0.37999999999999545
2020-10-28,37.86,37.27,0.5899999999999963
2020-10-29,36.56,35.94,0.6200000000000045
2020-10-30,36.33,35.64,0.6899999999999977
2020-11-02,37.78,36.6,1.1799999999999997
2020-11-03,38.17,37.44,0.730000000000004
2020-11-04,39.68,38.97,0.7100000000000009
2020-11-05,39.47,38.56,0.9099999999999966
2020-11-06,38.08,36.97,1.1099999999999994
2020-11-09,40.93,40.05,0.8800000000000026
2020-11-10,42.25,41.18,1.0700000000000003
2020-11-11,42.5,41.23,1.2700000000000031
2020-11-12,42.16,40.9,1.259999999999998
2020-11-13,41.51,39.93,1.5799999999999983
2020-11-16,42.71,41.14,1.5700000000000003
2020-11-17,42.54,41.24,1.2999999999999972
2020-11-18,42.91,41.64,1.269999999999996
2020-11-19,43.09,41.57,1.5200000000000031
2020-11-20,43.79,41.99,1.7999999999999972
2020-11-23,45.0,42.91,2.0900000000000034
2020-11-24,46.63,44.71,1.9200000000000017
2020-11-25,47.3,45.58,1.7199999999999989
2020-11-26,46.32,,
2020-11-27,46.88,,
2020-11-30,46.84,45.2,1.6400000000000006
2020-12-01,47.03,44.54,2.490000000000002
2020-12-02,47.8,45.23,2.5700000000000003
2020-12-03,48.37,45.65,2.719999999999999
2020-12-04,49.1,46.23,2.8700000000000045
2020-12-07,48.63,45.72,2.9100000000000037
2020-12-08,48.84,45.64,3.200000000000003
2020-12-09,48.81,45.48,3.3300000000000054
2020-12-10,50.33,46.76,3.5700000000000003
2020-12-11,50.01,46.59,3.4199999999999946
2020-12-14,50.27,47.02,3.25
2020-12-15,50.77,47.58,3.190000000000005
2020-12-16,50.83,47.86,2.969999999999999
2020-12-17,51.2,48.34,2.8599999999999994
2020-12-18,52.17,49.04,3.1300000000000026
2020-12-21,50.61,47.79,2.8200000000000003
2020-12-22,49.88,47.02,2.8599999999999994
2020-12-23,51.05,47.94,3.1099999999999994
2020-12-24,50.88,48.18,2.700000000000003
2020-12-28,50.88,47.5,3.3800000000000026
2020-12-29,50.44,47.85,2.5899999999999963
2020-12-30,50.74,48.24,2.5
2020-12-31,51.22,48.35,2.8699999999999974
2021-01-04,50.37,47.47,2.8999999999999986
2021-01-05,53.16,49.78,3.3799999999999955
2021-01-06,53.8,50.45,3.3499999999999943
2021-01-07,53.7,50.63,3.0700000000000003
2021-01-08,55.51,52.14,3.3699999999999974
2021-01-11,54.84,52.15,2.690000000000005
2021-01-12,55.98,53.08,2.8999999999999986
2021-01-13,55.52,52.81,2.710000000000001
2021-01-14,55.76,53.47,2.289999999999999
2021-01-15,54.8,52.25,2.549999999999997
2021-01-18,54.21,,
2021-01-19,55.38,52.87,2.510000000000005
2021-01-20,55.66,53.16,2.5
2021-01-21,55.68,53.0,2.6799999999999997
2021-01-22,55.22,52.28,2.9399999999999977
2021-01-25,55.44,52.78,2.6599999999999966
2021-01-26,55.26,52.61,2.6499999999999986
2021-01-27,55.07,52.81,2.259999999999998
2021-01-28,54.87,52.26,2.6099999999999994
2021-01-29,55.25,52.16,3.0900000000000034
2021-02-01,56.42,53.55,2.8700000000000045
2021-02-02,57.62,54.77,2.8499999999999943
2021-02-03,58.61,55.67,2.9399999999999977
2021-02-04,58.98,56.19,2.789999999999999
2021-02-05,59.48,56.8,2.6799999999999997
2021-02-08,60.17,57.95,2.219999999999999
2021-02-09,60.74,58.34,2.3999999999999986
2021-02-10,61.17,58.69,2.480000000000004
2021-02-11,61.09,58.22,2.8700000000000045
2021-02-12,62.47,59.5,2.969999999999999
2021-02-15,63.58,,
2021-02-16,63.96,60.07,3.8900000000000006
2021-02-17,65.02,61.09,3.9299999999999926
2021-02-18,64.09,60.4,3.690000000000005
2021-02-19,62.84,59.12,3.720000000000006
2021-02-22,64.73,61.67,3.0600000000000023
2021-02-23,65.16,61.66,3.5
2021-02-24,66.85,63.21,3.6399999999999935
2021-02-25,66.69,63.43,3.259999999999998
2021-02-26,65.86,61.55,4.310000000000002
2021-03-01,64.56,60.54,4.020000000000003
2021-03-02,63.17,59.7,3.469999999999999
2021-03-03,64.7,61.33,3.3700000000000045
2021-03-04,67.32,63.81,3.509999999999991
2021-03-05,69.95,66.08,3.8700000000000045
2021-03-08,68.0,65.03,2.969999999999999
2021-03-09,67.03,64.02,3.010000000000005
2021-03-10,67.53,64.45,3.0799999999999983
2021-03-11,69.34,66.02,3.3200000000000074
2021-03-12,68.87,65.59,3.280000000000001
2021-03-15,68.78,65.36,3.4200000000000017
2021-03-16,67.95,64.82,3.1300000000000097
2021-03-17,67.73,64.55,3.180000000000007
2021-03-18,62.11,59.95,2.1599999999999966
2021-03-19,64.0,61.43,2.5700000000000003
2021-03-22,63.89,61.48,2.4100000000000037
2021-03-23,59.96,57.75,2.210000000000001
2021-03-24,63.7,61.12,2.5800000000000054
2021-03-25,61.21,58.47,2.740000000000002
2021-03-26,63.77,60.93,2.8400000000000034
2021-03-29,64.06,61.49,2.5700000000000003
2021-03-30,63.28,60.55,2.730000000000004
2021-03-31,63.52,59.19,4.330000000000005
2021-04-01,63.85,61.41,2.440000000000005
2021-04-05,,58.73,
2021-04-06,61.47,59.34,2.1299999999999955
2021-04-07,61.86,59.77,2.0899999999999963
2021-04-08,62.09,59.61,2.480000000000004
2021-04-09,61.89,59.29,2.6000000000000014
2021-04-12,62.38,59.7,2.6799999999999997
2021-04-13,62.83,60.2,2.6299999999999955
2021-04-14,66.11,63.15,2.960000000000001
2021-04-15,66.13,63.42,2.7099999999999937
2021-04-16,65.98,63.16,2.8200000000000074
2021-04-19,66.54,63.33,3.210000000000008
2021-04-20,65.34,62.61,2.730000000000004
2021-04-21,64.02,61.34,2.6799999999999926
2021-04-22,65.07,61.45,3.6199999999999903
2021-04-23,65.75,62.18,3.5700000000000003
2021-04-26,65.5,62.02,3.479999999999997
2021-04-27,66.25,63.03,3.219999999999999
2021-04-28,67.08,63.81,3.269999999999996
2021-04-29,68.26,65.0,3.260000000000005
2021-04-30,67.73,63.5,4.230000000000004
2021-05-03,,64.46,
2021-05-04,68.91,65.72,3.1899999999999977
2021-05-05,69.71,65.63,4.079999999999998
2021-05-06,68.62,64.73,3.8900000000000006
2021-05-07,68.73,64.96,3.7700000000000102
2021-05-10,68.61,64.92,3.6899999999999977
2021-05-11,68.83,65.31,3.519999999999996
2021-05-12,69.62,65.96,3.660000000000011
2021-05-13,67.36,63.82,3.539999999999999
2021-05-14,69.24,65.32,3.9200000000000017
2021-05-17,69.62,66.24,3.3800000000000097
2021-05-18,69.01,65.49,3.5200000000000102
2021-05-19,66.88,63.28,3.5999999999999943
2021-05-20,65.18,61.95,3.230000000000004
2021-05-21,66.72,63.61,3.1099999999999994
2021-05-24,68.59,66.13,2.460000000000008
2021-05-25,68.8,66.27,2.530000000000001
2021-05-26,68.93,66.41,2.5200000000000102
2021-05-27,69.43,66.87,2.5600000000000023
2021-05-28,69.36,66.31,3.049999999999997
2021-06-01,70.03,67.8,2.230000000000004
2021-06-02,70.6,68.79,1.809999999999988
2021-06-03,70.71,68.81,1.8999999999999915
2021-06-04,71.3,69.57,1.730000000000004
2021-06-07,70.89,69.21,1.6800000000000068
2021-06-08,71.39,70.11,1.2800000000000011
2021-06-09,71.31,69.9,1.4099999999999966
2021-06-10,71.65,70.34,1.3100000000000023
2021-06-11,72.05,71.0,1.0499999999999972
2021-06-14,72.27,70.94,1.3299999999999983
2021-06-15,73.38,72.06,1.3199999999999932
2021-06-16,73.88,72.03,1.8499999999999943
2021-06-17,72.92,71.06,1.8599999999999994
2021-06-18,73.1,71.64,1.4599999999999937
2021-06-21,74.49,73.64,0.8499999999999943
2021-06-22,74.92,73.15,1.769999999999996
2021-06-23,75.22,73.11,2.1099999999999994
2021-06-24,75.95,73.31,2.6400000000000006
2021-06-25,76.45,74.21,2.240000000000009
2021-06-28,74.78,72.98,1.7999999999999972
2021-06-29,75.38,73.14,2.239999999999995
2021-06-30,76.94,73.52,3.4200000000000017
2021-07-01,76.69,75.33,1.3599999999999994
2021-07-02,77.51,75.37,2.1400000000000006
2021-07-05,78.34,,
2021-07-06,75.81,73.62,2.1899999999999977
2021-07-07,74.31,72.22,2.0900000000000034
2021-07-08,75.07,72.98,2.089999999999989
2021-07-09,77.14,74.56,2.5799999999999983
2021-07-12,76.77,74.21,2.5600000000000023
2021-07-13,77.5,75.24,2.260000000000005
2021-07-14,75.74,73.06,2.6799999999999926
2021-07-15,74.53,71.67,2.8599999999999994
2021-07-16,74.46,71.76,2.6999999999999886
2021-07-19,69.33,66.45,2.8799999999999955
2021-07-20,70.03,67.32,2.710000000000008
2021-07-21,72.54,70.26,2.280000000000001
2021-07-22,74.25,72.15,2.0999999999999943
2021-07-23,74.86,72.24,2.6200000000000045
2021-07-26,74.79,72.15,2.6400000000000006
2021-07-27,74.87,71.68,3.1899999999999977
2021-07-28,75.09,72.37,2.719999999999999
2021-07-29,76.3,73.62,2.6799999999999926
2021-07-30,77.72,73.93,3.789999999999992
2021-08-02,73.91,71.31,2.5999999999999943
2021-08-03,73.24,70.64,2.5999999999999943
2021-08-04,70.99,68.19,2.799999999999997
2021-08-05,72.14,69.1,3.0400000000000063
2021-08-06,71.02,68.26,2.759999999999991
2021-08-09,69.65,66.56,3.0900000000000034
2021-08-10,71.14,68.33,2.8100000000000023
2021-08-11,71.99,69.3,2.6899999999999977
2021-08-12,71.79,69.12,2.6700000000000017
2021-08-13,70.9,68.36,2.5400000000000063
2021-08-16,70.07,67.44,2.6299999999999955
2021-08-17,69.4,66.5,2.9000000000000057
2021-08-18,68.61,65.36,3.25
2021-08-19,66.8,63.69,3.1099999999999994
2021-08-20,65.51,62.25,3.260000000000005
2021-08-23,69.07,65.65,3.4199999999999875
2021-08-24,71.21,67.5,3.7099999999999937
2021-08-25,72.12,68.54,3.5799999999999983
2021-08-26,70.42,67.42,3.0
2021-08-27,72.26,68.84,3.4200000000000017
2021-08-30,,69.28,
2021-08-31,73.45,68.43,5.019999999999996
2021-09-01,71.99,68.63,3.3599999999999994
2021-09-02,73.56,70.07,3.490000000000009
2021-09-03,73.07,69.34,3.7299999999999898
2021-09-06,72.43,,
2021-09-07,71.52,68.49,3.030000000000001
2021-09-08,72.36,69.36,3.0
2021-09-09,71.32,68.26,3.059999999999988
2021-09-10,72.44,69.82,2.6200000000000045
2021-09-13,72.97,70.54,2.4299999999999926
2021-09-14,73.05,70.53,2.519999999999996
2021-09-15,74.84,72.59,2.25
2021-09-16,75.14,72.69,2.450000000000003
2021-09-17,74.64,72.09,2.549999999999997
2021-09-20,73.59,70.41,3.180000000000007
2021-09-21,73.65,70.51,3.1400000000000006
2021-09-22,75.5,72.37,3.1299999999999955
2021-09-23,76.44,73.43,3.009999999999991
2021-09-24,77.42,74.18,3.239999999999995
2021-09-27,78.85,75.54,3.309999999999988
2021-09-28,78.3,75.44,2.8599999999999994
2021-09-29,77.86,75.06,2.799999999999997
2021-09-30,77.81,75.22,2.5900000000000034
2021-10-01,79.4,76.01,3.3900000000000006
2021-10-04,81.44,77.68,3.759999999999991
2021-10-05,82.72,79.17,3.549999999999997
2021-10-06,81.39,77.66,3.730000000000004
2021-10-07,82.34,78.46,3.8800000000000097
2021-10-08,82.17,79.55,2.6200000000000045
2021-10-11,83.75,80.64,3.1099999999999994
2021-10-12,83.53,80.75,2.780000000000001
2021-10-13,83.53,80.67,2.8599999999999994
2021-10-14,83.86,81.43,2.4299999999999926
2021-10-15,84.67,82.39,2.280000000000001
2021-10-18,84.13,82.62,1.509999999999991
2021-10-19,85.02,83.19,1.8299999999999983
2021-10-20,85.76,84.4,1.3599999999999994
2021-10-21,84.58,82.64,1.9399999999999977
2021-10-22,85.43,84.53,0.9000000000000057
2021-10-25,84.85,84.64,0.20999999999999375
2021-10-26,85.11,85.64,-0.5300000000000011
2021-10-27,84.12,82.66,1.460000000000008
2021-10-28,83.4,82.78,0.6200000000000045
2021-10-29,83.1,83.5,-0.4000000000000057
2021-11-01,84.51,84.08,0.4300000000000068
2021-11-02,84.42,83.91,0.5100000000000051
2021-11-03,81.1,80.82,0.28000000000000114
2021-11-04,80.15,78.88,1.2700000000000102
2021-11-05,82.43,81.25,1.1800000000000068
2021-11-08,83.22,81.96,1.2600000000000051
2021-11-09,84.52,84.12,0.3999999999999915
2021-11-10,82.91,81.23,1.6799999999999926
2021-11-11,83.4,81.47,1.9300000000000068
2021-11-12,82.9,80.87,2.030000000000001
2021-11-15,81.94,80.85,1.0900000000000034
2021-11-16,82.85,80.76,2.089999999999989
2021-11-17,80.67,78.32,2.3500000000000085
2021-11-18,82.45,78.92,3.530000000000001
2021-11-19,80.24,76.11,4.1299999999999955
2021-11-22,80.97,76.74,4.230000000000004
2021-11-23,83.43,78.32,5.110000000000014
2021-11-24,82.37,78.32,4.050000000000011
2021-11-25,82.05,,
2021-11-26,72.37,,
2021-11-29,73.34,69.88,3.460000000000008
2021-11-30,70.86,66.14,4.719999999999999
2021-12-01,69.53,65.44,4.090000000000003
2021-12-02,70.56,66.6,3.960000000000008
2021-12-03,70.71,66.39,4.319999999999993
2021-12-06,73.38,69.62,3.759999999999991
2021-12-07,75.54,71.94,3.6000000000000085
2021-12-08,75.94,72.43,3.509999999999991
2021-12-09,74.1,70.87,3.2299999999999898
2021-12-10,74.98,71.71,3.2700000000000102
2021-12-13,74.12,71.19,2.930000000000007
2021-12-14,73.37,70.57,2.8000000000000114
2021-12-15,73.71,70.89,2.819999999999993
2021-12-16,74.64,72.34,2.299999999999997
2021-12-17,72.97,70.93,2.039999999999992
2021-12-20,70.51,68.69,1.8200000000000074
2021-12-21,72.85,71.1,1.75
2021-12-22,74.69,72.82,1.8700000000000045
2021-12-23,76.26,73.89,2.3700000000000045
2021-12-24,75.24,,
2021-12-27,,75.49,
2021-12-28,,76.01,
2021-12-29,78.63,76.58,2.049999999999997
2021-12-30,78.61,76.83,1.7800000000000011
2021-12-31,77.24,75.33,1.9099999999999966
2022-01-03,78.25,75.99,2.260000000000005
2022-01-04,79.39,77.0,2.3900000000000006
2022-01-05,80.6,77.83,2.769999999999996
2022-01-06,81.99,79.47,2.519999999999996
2022-01-07,82.28,79.0,3.280000000000001
2022-01-10,81.56,78.11,3.450000000000003
2022-01-11,84.98,81.17,3.8100000000000023
2022-01-12,85.83,82.51,3.319999999999993
2022-01-13,85.8,81.97,3.8299999999999983
2022-01-14,87.17,83.82,3.3500000000000085
2022-01-17,87.82,,
2022-01-18,88.83,85.42,3.4099999999999966
2022-01-19,89.64,86.84,2.799999999999997
2022-01-20,89.75,86.29,3.4599999999999937
2022-01-21,89.75,85.16,4.590000000000003
2022-01-24,87.74,84.48,3.259999999999991
2022-01-25,89.49,86.61,2.8799999999999955
2022-01-26,91.22,88.33,2.8900000000000006
2022-01-27,90.7,87.61,3.0900000000000034
2022-01-28,91.47,87.67,3.799999999999997
2022-01-31,92.35,89.16,3.1899999999999977
2022-02-01,90.24,88.22,2.019999999999996
2022-02-02,91.43,88.16,3.2700000000000102
2022-02-03,92.99,90.17,2.819999999999993
2022-02-04,96.86,92.27,4.590000000000003
2022-02-07,97.28,91.25,6.030000000000001
2022-02-08,96.07,89.32,6.75
2022-02-09,94.95,89.57,5.38000000000001
2022-02-10,96.37,89.83,6.540000000000006
2022-02-11,97.5,93.1,4.400000000000006
2022-02-14,101.66,95.52,6.140000000000001
2022-02-15,98.43,92.07,6.360000000000014
2022-02-16,97.44,93.83,3.6099999999999994
2022-02-17,95.28,91.78,3.5
2022-02-18,96.18,91.26,4.920000000000002
2022-02-21,98.95,,
2022-02-22,98.73,92.11,6.6200000000000045
2022-02-23,99.29,92.14,7.150000000000006
2022-02-24,101.29,92.77,8.52000000000001
2022-02-25,98.56,91.68,6.8799999999999955
2022-02-28,103.08,96.13,6.950000000000003
2022-03-01,110.93,103.66,7.27000000000001
2022-03-02,118.94,110.74,8.200000000000003
2022-03-03,115.36,107.69,7.670000000000002
2022-03-04,123.86,115.77,8.090000000000003
2022-03-07,129.02,119.26,9.760000000000005
2022-03-08,133.18,123.64,9.540000000000006
2022-03-09,116.58,108.81,7.769999999999996
2022-03-10,114.54,105.93,8.61
2022-03-11,118.11,109.31,8.799999999999997
2022-03-14,110.39,103.22,7.170000000000002
2022-03-15,105.14,96.42,8.719999999999999
2022-03-16,104.61,94.85,9.760000000000005
2022-03-17,113.5,102.97,10.530000000000001
2022-03-18,114.32,104.69,9.629999999999995
2022-03-21,122.29,112.14,10.150000000000006
2022-03-22,121.53,111.03,10.5
2022-03-23,127.52,114.89,12.629999999999995
2022-03-24,123.98,114.2,9.780000000000001
2022-03-25,122.67,116.2,6.469999999999999
2022-03-28,114.5,107.55,6.950000000000003
2022-03-29,112.79,104.25,8.540000000000006
2022-03-30,115.59,107.81,7.780000000000001
2022-03-31,107.29,100.53,6.760000000000005
2022-04-01,106.13,99.32,6.810000000000002
2022-04-04,108.15,103.29,4.859999999999999
2022-04-05,106.6,101.98,4.61999999999999
2022-04-06,100.81,96.39,4.420000000000002
2022-04-07,99.83,96.05,3.780000000000001
2022-04-08,101.26,98.35,2.910000000000011
2022-04-11,97.92,94.22,3.700000000000003
2022-04-12,104.42,100.52,3.9000000000000057
2022-04-13,108.49,104.26,4.22999999999999
2022-04-14,110.83,106.84,3.989999999999995
2022-04-18,,108.24,
2022-04-19,105.49,102.54,2.9499999999999886
2022-04-20,105.05,102.56,2.489999999999995
2022-04-21,107.2,103.89,3.3100000000000023
2022-04-22,105.15,102.86,2.2900000000000063
2022-04-25,99.27,99.6,-0.3299999999999983
2022-04-26,102.89,102.62,0.269999999999996
2022-04-27,103.3,101.96,1.3400000000000034
2022-04-28,105.78,105.47,0.3100000000000023
2022-04-29,108.36,104.59,3.769999999999996
2022-05-02,,105.18,
2022-05-03,104.94,102.53,2.4099999999999966
2022-05-04,110.53,107.84,2.6899999999999977
2022-05-05,112.11,108.17,3.9399999999999977
2022-05-06,113.86,109.72,4.140000000000001
2022-05-09,106.67,103.08,3.5900000000000034
2022-05-10,102.61,99.74,2.8700000000000045
2022-05-11,107.7,105.5,2.200000000000003
2022-05-12,108.06,106.15,1.9099999999999966
2022-05-13,112.12,110.52,1.6000000000000085
2022-05-16,114.86,114.07,0.7900000000000063
2022-05-17,112.89,112.31,0.5799999999999983
2022-05-18,110.04,109.67,0.37000000000000455
2022-05-19,113.22,112.21,1.0100000000000051
2022-05-20,113.63,112.63,1.0
2022-05-23,115.13,110.32,4.810000000000002
2022-05-24,115.77,112.55,3.219999999999999
2022-05-25,116.41,112.88,3.530000000000001
2022-05-26,119.81,116.19,3.6200000000000045
2022-05-27,121.19,114.96,6.230000000000004
2022-05-30,123.01,,
2022-05-31,125.53,114.38,11.150000000000006
2022-06-01,122.2,115.26,6.939999999999998
2022-06-02,,116.88,
2022-06-03,125.68,118.97,6.710000000000008
2022-06-06,124.99,118.41,6.579999999999998
2022-06-07,126.89,119.55,7.340000000000003
2022-06-08,129.2,121.94,7.259999999999991
2022-06-09,128.47,121.52,6.950000000000003
2022-06-10,127.44,120.73,6.709999999999994
2022-06-13,128.44,120.92,7.519999999999996
2022-06-14,127.02,118.92,8.099999999999994
2022-06-15,124.96,115.32,9.64
2022-06-16,125.78,117.56,8.219999999999999
2022-06-17,119.22,109.56,9.659999999999997
2022-06-20,118.25,,
2022-06-21,118.51,110.49,8.02000000000001
2022-06-22,115.54,106.22,9.320000000000007
2022-06-23,114.5,105.75,8.75
2022-06-24,117.36,109.07,8.290000000000006
2022-06-27,119.69,111.44,8.25
2022-06-28,122.21,113.66,8.549999999999997
2022-06-29,120.8,111.65,9.149999999999991
2022-06-30,119.78,107.76,12.019999999999996
2022-07-01,119.21,110.3,8.909999999999997
2022-07-04,121.8,,
2022-07-05,110.49,101.55,8.939999999999998
2022-07-06,108.54,100.31,8.230000000000004
2022-07-07,113.4,104.62,8.780000000000001
2022-07-08,113.95,106.78,7.170000000000002
2022-07-11,114.85,106.09,8.759999999999991
2022-07-12,106.98,97.69,9.290000000000006
2022-07-13,107.17,98.44,8.730000000000004
2022-07-14,107.74,97.79,9.949999999999989
2022-07-15,112.26,99.59,12.670000000000002
2022-07-18,117.27,104.48,12.789999999999992
2022-07-19,114.96,106.12,8.83999999999999
2022-07-20,115.86,104.45,11.409999999999997
2022-07-21,112.81,98.44,14.370000000000005
2022-07-22,106.77,97.71,9.060000000000002
2022-07-25,108.23,99.83,8.400000000000006
2022-07-26,107.32,97.74,9.579999999999998
2022-07-27,109.64,100.03,9.61
2022-07-28,109.68,99.11,10.570000000000007
2022-07-29,111.51,101.31,10.200000000000003
2022-08-01,106.09,96.59,9.5
2022-08-02,106.51,97.14,9.370000000000005
2022-08-03,101.82,93.25,8.569999999999993
2022-08-04,97.99,91.29,6.699999999999989
2022-08-05,100.31,91.77,8.540000000000006
2022-08-08,103.46,93.52,9.939999999999998
2022-08-09,103.81,93.18,10.629999999999995
2022-08-10,105.06,94.68,10.379999999999995
2022-08-11,107.19,97.02,10.170000000000002
2022-08-12,103.7,94.86,8.840000000000003
2022-08-15,98.25,92.24,6.010000000000005
2022-08-16,95.36,89.23,6.1299999999999955
2022-08-17,97.22,90.85,6.3700000000000045
2022-08-18,96.35,93.2,3.1499999999999915
2022-08-19,96.45,93.55,2.9000000000000057
2022-08-22,95.06,93.42,1.6400000000000006
2022-08-23,99.49,96.46,3.030000000000001
2022-08-24,99.87,95.52,4.3500000000000085
2022-08-25,98.81,93.33,5.480000000000004
2022-08-26,101.13,93.63,7.5
2022-08-29,,97.4,
2022-08-30,99.34,92.08,7.260000000000005
2022-08-31,96.55,90.09,6.459999999999994
2022-09-01,92.24,87.09,5.1499999999999915
2022-09-02,93.09,87.29,5.799999999999997
2022-09-05,94.22,,
2022-09-06,91.43,87.35,4.0800000000000125
2022-09-07,86.83,82.5,4.329999999999998
2022-09-08,87.99,84.04,3.9499999999999886
2022-09-09,91.68,87.27,4.410000000000011
2022-09-12,93.45,88.18,5.269999999999996
2022-09-13,92.04,87.84,4.200000000000003
2022-09-14,92.83,88.88,3.950000000000003
2022-09-15,89.28,85.72,3.5600000000000023
2022-09-16,89.43,85.57,3.8600000000000136
2022-09-19,,86.15,
2022-09-20,89.62,84.69,4.930000000000007
2022-09-21,89.86,83.38,6.480000000000004
2022-09-22,90.4,84.02,6.38000000000001
2022-09-23,84.29,79.07,5.220000000000013
2022-09-26,82.55,77.17,5.3799999999999955
2022-09-27,85.97,78.91,7.060000000000002
2022-09-28,89.55,82.61,6.939999999999998
2022-09-29,89.41,81.78,7.6299999999999955
2022-09-30,88.9,79.91,8.990000000000009
2022-10-03,90.68,84.05,6.63000000000001
2022-10-04,93.74,86.87,6.86999999999999
2022-10-05,94.35,88.22,6.1299999999999955
2022-10-06,95.65,88.9,6.75
2022-10-07,98.88,93.07,5.810000000000002
2022-10-10,97.13,91.6,5.530000000000001
2022-10-11,95.17,89.75,5.420000000000002
2022-10-12,93.44,87.83,5.609999999999999
2022-10-13,95.16,89.59,5.569999999999993
2022-10-14,92.22,86.1,6.1200000000000045
2022-10-17,91.04,86.0,5.040000000000006
2022-10-18,89.46,83.29,6.1699999999999875
2022-10-19,91.34,86.0,5.340000000000003
2022-10-20,91.52,86.02,5.5
2022-10-21,91.82,85.47,6.349999999999994
2022-10-24,91.57,86.12,5.449999999999989
2022-10-25,91.76,86.93,4.829999999999998
2022-10-26,92.93,89.39,3.5400000000000063
2022-10-27,94.17,89.06,5.109999999999999
2022-10-28,94.64,87.85,6.790000000000006
2022-10-31,93.3,86.54,6.759999999999991
2022-11-01,95.12,88.36,6.760000000000005
2022-11-02,96.07,90.06,6.009999999999991
2022-11-03,95.29,88.14,7.150000000000006
2022-11-04,99.53,92.58,6.950000000000003
2022-11-07,99.87,91.8,8.070000000000007
2022-11-08,96.85,88.8,8.049999999999997
2022-11-09,93.05,85.79,7.259999999999991
2022-11-10,94.25,86.52,7.730000000000004
2022-11-11,96.37,89.14,7.230000000000004
2022-11-14,93.59,85.85,7.740000000000009
2022-11-15,94.3,86.87,7.429999999999993
2022-11-16,92.61,85.62,6.989999999999995
2022-11-17,91.0,81.69,9.310000000000002
2022-11-18,88.93,80.07,8.860000000000014
2022-11-21,88.44,79.74,8.700000000000003
2022-11-22,88.65,80.83,7.820000000000007
2022-11-23,85.9,77.93,7.969999999999999
2022-11-24,85.59,,
2022-11-25,83.4,76.45,6.950000000000003
2022-11-28,83.5,77.1,6.400000000000006
2022-11-29,83.22,77.96,5.260000000000005
2022-11-30,85.61,80.48,5.1299999999999955
2022-12-01,86.28,81.06,5.219999999999999
2022-12-02,86.54,79.86,6.680000000000007
2022-12-05,83.36,76.83,6.530000000000001
2022-12-06,79.92,74.21,5.710000000000008
2022-12-07,77.11,71.93,5.179999999999993
2022-12-08,76.02,71.3,4.719999999999999
2022-12-09,76.37,71.05,5.320000000000007
2022-12-12,78.0,72.96,5.040000000000006
2022-12-13,80.14,75.44,4.700000000000003
2022-12-14,83.33,77.14,6.189999999999998
2022-12-15,82.34,75.89,6.450000000000003
2022-12-16,80.2,74.19,6.010000000000005
2022-12-19,81.66,75.05,6.609999999999999
2022-12-20,79.45,75.92,3.530000000000001
2022-12-21,80.25,78.17,2.0799999999999983
2022-12-22,79.58,77.68,1.8999999999999915
2022-12-23,82.45,79.57,2.8800000000000097
2022-12-27,,79.45,
2022-12-28,81.7,78.89,2.8100000000000023
2022-12-29,80.96,78.43,2.529999999999987
2022-12-30,82.82,80.16,2.6599999999999966
2023-01-03,80.36,76.87,3.489999999999995
2023-01-04,75.31,72.82,2.490000000000009
2023-01-05,76.73,73.61,3.1200000000000045
2023-01-06,76.41,73.77,2.6400000000000006
2023-01-09,77.5,74.69,2.8100000000000023
2023-01-10,78.4,75.11,3.2900000000000063
2023-01-11,81.11,77.46,3.6500000000000057
2023-01-12,82.59,78.32,4.27000000000001
2023-01-13,83.43,79.9,3.530000000000001
2023-01-16,82.65,,
2023-01-17,84.38,80.25,4.1299999999999955
2023-01-18,83.78,79.53,4.25
2023-01-19,85.08,80.31,4.769999999999996
2023-01-20,86.96,81.27,5.689999999999998
2023-01-23,87.54,81.62,5.920000000000002
2023-01-24,85.25,79.86,5.390000000000001
2023-01-25,85.08,79.78,5.299999999999997
2023-01-26,86.29,80.64,5.650000000000006
2023-01-27,85.36,79.73,5.6299999999999955
2023-01-30,84.9,77.97,6.930000000000007
2023-01-31,83.42,78.95,4.469999999999999
2023-02-01,81.61,76.34,5.269999999999996
2023-02-02,80.57,75.87,4.699999999999989
2023-02-03,78.85,73.4,5.449999999999989
2023-02-06,80.48,74.11,6.3700000000000045
2023-02-07,82.92,77.17,5.75
2023-02-08,84.17,78.47,5.700000000000003
2023-02-09,83.46,78.04,5.4199999999999875
2023-02-10,85.46,79.74,5.719999999999999
2023-02-13,85.98,80.14,5.840000000000003
2023-02-14,84.96,79.08,5.8799999999999955
2023-02-15,84.11,78.57,5.540000000000006
2023-02-16,83.84,78.45,5.390000000000001
2023-02-17,81.97,76.31,5.659999999999997
2023-02-20,82.79,,
2023-02-21,82.14,76.28,5.859999999999999
2023-02-22,79.55,73.95,5.599999999999994
2023-02-23,82.08,75.26,6.819999999999993
2023-02-24,82.31,76.19,6.1200000000000045
2023-02-27,81.24,75.57,5.670000000000002
2023-02-28,83.21,76.88,6.329999999999998
2023-03-01,83.68,77.57,6.110000000000014
2023-03-02,84.15,78.05,6.1000000000000085
2023-03-03,85.74,79.62,6.11999999999999
2023-03-06,85.86,80.39,5.469999999999999
2023-03-07,83.03,77.45,5.579999999999998
2023-03-08,82.1,76.56,5.539999999999992
2023-03-09,81.0,75.6,5.400000000000006
2023-03-10,82.3,76.55,5.75
2023-03-13,79.67,74.68,4.989999999999995
2023-03-14,76.77,71.18,5.589999999999989
2023-03-15,74.3,67.38,6.920000000000002
2023-03-16,73.12,68.15,4.969999999999999
2023-03-17,71.03,66.61,4.420000000000002
2023-03-20,72.42,67.56,4.859999999999999
2023-03-21,74.78,69.4,5.3799999999999955
2023-03-22,76.08,70.71,5.3700000000000045
2023-03-23,74.31,69.77,4.540000000000006
2023-03-24,73.63,69.22,4.409999999999997
2023-03-27,76.8,72.87,3.9299999999999926
2023-03-28,78.07,73.12,4.949999999999989
2023-03-29,77.51,72.95,4.560000000000002
2023-03-30,78.45,74.32,4.13000000000001
2023-03-31,79.19,75.68,3.509999999999991
2023-04-03,85.81,80.4,5.409999999999997
2023-04-04,85.7,80.7,5.0
2023-04-05,85.89,80.69,5.200000000000003
2023-04-06,86.56,80.7,5.859999999999999
2023-04-10,,79.79,
2023-04-11,87.32,81.54,5.779999999999987
2023-04-12,88.31,83.26,5.049999999999997
2023-04-13,86.51,82.16,4.3500000000000085
2023-04-14,87.31,82.58,4.730000000000004
2023-04-17,85.63,80.93,4.699999999999989
2023-04-18,85.48,80.85,4.63000000000001
2023-04-19,85.34,79.18,6.159999999999997
2023-04-20,83.29,77.27,6.02000000000001
2023-04-21,83.36,77.86,5.5
2023-04-24,84.23,78.64,5.590000000000003
2023-04-25,82.13,77.05,5.079999999999998
2023-04-26,79.19,74.33,4.859999999999999
2023-04-27,80.11,74.77,5.340000000000003
2023-04-28,81.32,76.78,4.539999999999992
2023-05-01,,75.65,
2023-05-02,76.71,71.71,5.0
2023-05-03,72.91,68.62,4.289999999999992
2023-05-04,73.0,68.52,4.480000000000004
2023-05-05,75.85,71.32,4.530000000000001
2023-05-08,,73.13,
2023-05-09,77.76,73.68,4.079999999999998
2023-05-10,76.7,72.53,4.170000000000002
2023-05-11,75.32,70.81,4.509999999999991
2023-05-12,74.54,70.02,4.52000000000001
2023-05-15,75.46,71.07,4.390000000000001
2023-05-16,75.15,70.85,4.300000000000011
2023-05-17,76.98,72.78,4.200000000000003
2023-05-18,75.75,71.82,3.930000000000007
2023-05-19,75.42,71.57,3.8500000000000085
2023-05-22,75.77,71.81,3.9599999999999937
2023-05-23,76.66,72.87,3.789999999999992
2023-05-24,77.99,74.37,3.6199999999999903
2023-05-25,75.66,71.68,3.9799999999999898
2023-05-26,76.33,72.35,3.980000000000004
2023-05-30,73.38,69.45,3.9299999999999926
2023-05-31,71.98,68.11,3.8700000000000045
2023-06-01,74.18,70.09,4.090000000000003
2023-06-02,76.0,71.76,4.239999999999995
2023-06-05,76.61,72.14,4.469999999999999
2023-06-06,76.22,71.71,4.510000000000005
2023-06-07,76.85,72.52,4.329999999999998
2023-06-08,75.88,71.28,4.599999999999994
2023-06-09,74.74,70.16,4.579999999999998
2023-06-12,71.8,67.08,4.719999999999999
2023-06-13,74.24,69.39,4.849999999999994
2023-06-14,73.39,68.22,5.170000000000002
2023-06-15,75.75,70.61,5.140000000000001
2023-06-16,76.76,71.81,4.950000000000003
2023-06-19,76.09,,
2023-06-20,75.79,70.94,4.8500000000000085
2023-06-21,76.92,72.55,4.3700000000000045
2023-06-22,73.93,69.22,4.710000000000008
2023-06-23,73.56,68.91,4.650000000000006
2023-06-26,73.86,69.09,4.769999999999996
2023-06-27,71.88,67.68,4.199999999999989
2023-06-28,73.64,69.54,4.099999999999994
2023-06-29,73.86,69.85,4.010000000000005
2023-06-30,74.51,70.66,3.8500000000000085
2023-07-03,74.52,69.71,4.810000000000002
2023-07-04,76.23,,
2023-07-05,76.74,71.78,4.959999999999994
2023-07-06,76.72,71.76,4.959999999999994
2023-07-07,78.77,73.91,4.859999999999999
2023-07-10,77.83,73.05,4.780000000000001
2023-07-11,79.54,74.87,4.670000000000002
2023-07-12,80.35,75.77,4.579999999999998
2023-07-13,81.31,76.86,4.450000000000003
2023-07-14,79.9,75.44,4.460000000000008
2023-07-17,77.8,74.17,3.6299999999999955
2023-07-18,79.54,75.76,3.780000000000001
2023-07-19,79.38,75.4,3.9799999999999898
2023-07-20,79.62,75.65,3.969999999999999
2023-07-21,81.06,77.06,4.0
2023-07-24,82.53,78.81,3.719999999999999
2023-07-25,83.46,79.76,3.6999999999999886
2023-07-26,82.98,79.11,3.8700000000000045
2023-07-27,84.28,80.17,4.109999999999999
2023-07-28,84.49,80.55,3.9399999999999977
2023-07-31,85.22,81.8,3.4200000000000017
2023-08-01,85.34,81.37,3.969999999999999
2023-08-02,84.01,79.5,4.510000000000005
2023-08-03,86.19,81.56,4.6299999999999955
2023-08-04,87.38,82.76,4.61999999999999
2023-08-07,86.47,81.94,4.530000000000001
2023-08-08,88.0,82.94,5.060000000000002
2023-08-09,89.31,84.35,4.960000000000008
2023-08-10,87.44,82.81,4.6299999999999955
2023-08-11,87.93,83.17,4.760000000000005
2023-08-14,87.4,82.5,4.900000000000006
2023-08-15,86.28,81.06,5.219999999999999
2023-08-16,84.49,79.4,5.089999999999989
2023-08-17,85.24,80.43,4.809999999999988
2023-08-18,85.92,81.25,4.670000000000002
2023-08-21,85.44,80.71,4.730000000000004
2023-08-22,84.7,80.25,4.450000000000003
2023-08-23,83.94,78.91,5.030000000000001
2023-08-24,84.07,79.52,4.549999999999997
2023-08-25,85.42,80.47,4.950000000000003
2023-08-28,,80.65,
2023-08-29,86.37,81.14,5.230000000000004
2023-08-30,86.62,81.64,4.980000000000004
2023-08-31,87.29,83.55,3.740000000000009
2023-09-01,89.98,85.52,4.460000000000008
2023-09-04,90.42,,
2023-09-05,91.25,86.74,4.510000000000005
2023-09-06,91.79,87.55,4.240000000000009
2023-09-07,91.16,86.87,4.289999999999992
2023-09-08,91.85,87.51,4.339999999999989
2023-09-11,91.97,87.3,4.670000000000002
2023-09-12,93.58,88.87,4.709999999999994
2023-09-13,93.04,88.59,4.450000000000003
2023-09-14,95.2,90.13,5.070000000000007
2023-09-15,95.55,90.83,4.719999999999999
2023-09-18,95.95,91.47,4.480000000000004
2023-09-19,96.11,91.16,4.950000000000003
2023-09-20,94.56,89.2,5.359999999999999
2023-09-21,93.7,89.56,4.140000000000001
2023-09-22,93.99,90.0,3.989999999999995
2023-09-25,94.01,89.68,4.329999999999998
2023-09-26,94.46,91.43,3.029999999999987
2023-09-27,97.1,93.67,3.4299999999999926
2023-09-28,96.64,91.65,4.989999999999995
2023-09-29,95.86,90.77,5.090000000000003
2023-10-02,91.21,88.81,2.3999999999999915
2023-10-03,94.46,89.26,5.199999999999989
2023-10-04,89.83,84.32,5.510000000000005
2023-10-05,88.28,82.3,5.980000000000004
2023-10-06,87.86,82.83,5.030000000000001
2023-10-09,91.37,,
2023-10-10,90.7,85.89,4.810000000000002
2023-10-11,87.58,83.7,3.8799999999999955
2023-10-12,88.4,82.87,5.530000000000001
2023-10-13,94.33,87.67,6.659999999999997
2023-10-16,90.99,86.65,4.339999999999989
2023-10-17,92.52,86.66,5.859999999999999
2023-10-18,91.99,88.35,3.6400000000000006
2023-10-19,93.12,89.35,3.7700000000000102
2023-10-20,93.72,89.12,4.599999999999994
2023-10-23,91.88,85.49,6.390000000000001
2023-10-24,88.0,84.58,3.4200000000000017
2023-10-25,90.14,86.07,4.070000000000007
2023-10-26,88.45,83.8,4.650000000000006
2023-10-27,90.73,86.04,4.689999999999998
2023-10-30,90.73,83.03,7.700000000000003
2023-10-31,86.82,81.64,5.179999999999993
2023-11-01,86.92,81.05,5.8700000000000045
2023-11-02,89.02,83.04,5.97999999999999
2023-11-03,87.55,81.19,6.359999999999999
2023-11-06,87.31,81.54,5.769999999999996
2023-11-07,83.43,77.96,5.470000000000013
2023-11-08,81.46,75.85,5.609999999999999
2023-11-09,81.74,76.34,5.3999999999999915
2023-11-10,83.66,,
2023-11-13,84.09,78.86,5.230000000000004
2023-11-14,84.2,78.9,5.299999999999997
2023-11-15,82.4,77.15,5.25
2023-11-16,77.73,73.5,4.230000000000004
2023-11-17,81.22,76.47,4.75
2023-11-20,83.25,78.1,5.150000000000006
2023-11-21,82.42,78.35,4.070000000000007
2023-11-22,81.76,76.8,4.960000000000008
2023-11-23,80.85,,
2023-11-24,79.82,74.83,4.989999999999995
2023-11-27,79.49,74.46,5.030000000000001
2023-11-28,81.66,76.09,5.569999999999993
2023-11-29,82.98,77.56,5.420000000000002
2023-11-30,81.72,75.66,6.060000000000002
2023-12-01,78.72,73.7,5.019999999999996
2023-12-04,78.16,72.73,5.429999999999993
2023-12-05,77.27,71.95,5.319999999999993
2023-12-06,74.33,68.98,5.349999999999994
2023-12-07,74.21,69.0,5.209999999999994
2023-12-08,75.94,70.87,5.069999999999993
2023-12-11,75.75,70.95,4.799999999999997
2023-12-12,74.11,68.27,5.840000000000003
2023-12-13,74.14,69.09,5.049999999999997
2023-12-14,77.05,71.21,5.840000000000003
2023-12-15,76.84,71.05,5.790000000000006
2023-12-18,78.89,72.16,6.730000000000004
2023-12-19,79.82,73.23,6.589999999999989
2023-12-20,81.1,73.87,7.22999999999999
2023-12-21,80.73,73.59,7.140000000000001
2023-12-22,80.23,73.29,6.939999999999998
2023-12-26,,75.84,
2023-12-27,80.97,74.31,6.659999999999997
2023-12-28,79.04,72.02,7.02000000000001
2023-12-29,77.69,71.89,5.799999999999997
2024-01-02,76.24,70.62,5.61999999999999
2024-01-03,77.18,72.97,4.210000000000008
2024-01-04,75.79,72.38,3.410000000000011
2024-01-05,78.31,74.0,4.310000000000002
2024-01-08,75.47,71.06,4.409999999999997
2024-01-09,77.97,72.43,5.539999999999992
2024-01-10,78.46,71.57,6.890000000000001
2024-01-11,80.21,72.15,8.059999999999988
2024-01-12,79.89,72.94,6.950000000000003
2024-01-15,79.76,,
2024-01-16,80.15,72.63,7.52000000000001
2024-01-17,78.88,72.79,6.089999999999989
2024-01-18,81.04,74.32,6.720000000000013
2024-01-19,80.71,73.69,7.019999999999996
2024-01-22,81.7,75.26,6.439999999999998
2024-01-23,82.04,74.72,7.320000000000007
2024-01-24,82.15,75.48,6.670000000000002
2024-01-25,82.33,77.91,4.420000000000002
2024-01-26,83.34,78.45,4.890000000000001
2024-01-29,83.99,77.25,6.739999999999995
2024-01-30,84.14,78.3,5.840000000000003
2024-01-31,82.98,76.28,6.700000000000003
2024-02-01,82.2,74.36,7.840000000000003
2024-02-02,79.54,72.72,6.820000000000007
2024-02-05,79.3,73.21,6.090000000000003
2024-02-06,80.46,73.83,6.6299999999999955
2024-02-07,81.18,74.26,6.920000000000002
2024-02-08,83.01,76.67,6.340000000000003
2024-02-09,83.58,77.26,6.319999999999993
2024-02-12,83.88,77.34,6.539999999999992
2024-02-13,84.72,78.28,6.439999999999998
2024-02-14,84.41,77.09,7.319999999999993
2024-02-15,84.33,78.47,5.859999999999999
2024-02-16,84.88,79.65,5.22999999999999
2024-02-19,85.52,,
2024-02-20,84.78,78.72,6.060000000000002
2024-02-21,84.77,78.89,5.8799999999999955
2024-02-22,85.84,79.64,6.200000000000003
2024-02-23,84.18,77.6,6.5800000000000125
2024-02-26,84.01,78.53,5.480000000000004
2024-02-27,83.8,79.8,4.0
2024-02-28,84.08,79.44,4.640000000000001
2024-02-29,84.57,79.22,5.349999999999994
2024-03-01,84.82,80.9,3.9199999999999875
2024-03-04,86.58,79.67,6.909999999999997
2024-03-05,85.82,79.11,6.709999999999994
2024-03-06,86.59,80.08,6.510000000000005
2024-03-07,84.88,79.81,5.069999999999993
2024-03-08,84.29,78.96,5.3300000000000125
2024-03-11,83.44,78.87,4.569999999999993
2024-03-12,83.66,78.51,5.1499999999999915
2024-03-13,83.95,80.67,3.280000000000001
2024-03-14,86.16,82.16,4.0
2024-03-15,85.39,81.94,3.450000000000003
2024-03-18,86.47,83.68,2.789999999999992
2024-03-19,87.36,84.39,2.969999999999999
2024-03-20,85.77,82.79,2.9799999999999898
2024-03-21,84.92,81.99,2.930000000000007
2024-03-22,84.87,81.1,3.7700000000000102
2024-03-25,86.18,82.41,3.7700000000000102
2024-03-26,85.91,82.41,3.5
2024-03-27,84.94,82.15,2.789999999999992
2024-03-28,86.17,83.96,2.210000000000008
2024-04-01,,84.54,
2024-04-02,87.63,85.95,1.6799999999999926
2024-04-03,90.6,86.22,4.3799999999999955
2024-04-04,90.32,87.37,2.9499999999999886
2024-04-05,92.81,87.69,5.1200000000000045
2024-04-08,91.73,87.24,4.490000000000009
2024-04-09,92.13,86.04,6.089999999999989
2024-04-10,91.57,86.98,4.589999999999989
2024-04-11,91.49,85.79,5.699999999999989
2024-04-12,93.12,86.46,6.660000000000011
2024-04-15,90.84,86.21,4.63000000000001
2024-04-16,91.29,86.15,5.140000000000001
2024-04-17,89.54,83.58,5.960000000000008
2024-04-18,88.34,83.5,4.840000000000003
2024-04-19,87.96,83.79,4.1699999999999875
2024-04-22,87.3,83.82,3.480000000000004
2024-04-23,88.29,84.17,4.1200000000000045
2024-04-24,89.02,84.09,4.929999999999993
2024-04-25,88.1,84.92,3.1799999999999926
2024-04-26,89.95,85.38,4.570000000000007
2024-04-29,88.44,84.26,4.179999999999993
2024-04-30,88.23,83.49,4.740000000000009
2024-05-01,83.55,80.7,2.8499999999999943
2024-05-02,84.81,80.59,4.219999999999999
2024-05-03,83.6,79.65,3.9499999999999886
2024-05-06,,80.1,
2024-05-07,82.69,79.97,2.719999999999999
2024-05-08,82.44,80.57,1.8700000000000045
2024-05-09,83.27,80.86,2.4099999999999966
2024-05-10,83.39,79.81,3.5799999999999983
2024-05-13,83.18,80.71,2.470000000000013
2024-05-14,81.0,79.62,1.3799999999999955
2024-05-15,79.98,80.23,-0.25
2024-05-16,81.65,80.85,0.8000000000000114
2024-05-17,82.24,81.66,0.5799999999999983
2024-05-20,81.91,81.39,0.519999999999996
2024-05-21,81.22,80.66,0.5600000000000023
2024-05-22,79.9,79.15,0.75
2024-05-23,79.25,77.47,1.7800000000000011
2024-05-24,78.92,78.48,0.4399999999999977
2024-05-28,81.34,80.9,0.4399999999999977
2024-05-29,81.5,80.24,1.2600000000000051
2024-05-30,81.42,78.96,2.460000000000008
2024-05-31,79.41,77.97,1.4399999999999977
2024-06-03,76.45,75.26,1.1899999999999977
2024-06-04,75.33,74.27,1.0600000000000023
2024-06-05,75.41,75.08,0.3299999999999983
2024-06-06,77.62,76.52,1.1000000000000085
2024-06-07,78.12,76.53,1.5900000000000034
2024-06-10,79.59,78.75,0.8400000000000034
2024-06-11,80.15,78.88,1.2700000000000102
2024-06-12,80.52,79.56,0.9599999999999937
2024-06-13,81.44,79.61,1.8299999999999983
2024-06-14,81.49,79.41,2.0799999999999983
2024-06-17,82.45,81.33,1.1200000000000045
2024-06-18,84.79,82.67,2.1200000000000045
2024-06-19,85.64,,
2024-06-20,85.92,83.34,2.5799999999999983
2024-06-21,86.42,81.71,4.710000000000008
2024-06-24,86.75,82.63,4.1200000000000045
2024-06-25,86.81,81.97,4.840000000000003
2024-06-26,85.76,82.19,3.5700000000000074
2024-06-27,87.0,83.04,3.9599999999999937
2024-06-28,87.26,82.83,4.430000000000007
2024-07-01,86.57,84.7,1.8699999999999903
2024-07-02,88.28,84.09,4.189999999999998
2024-07-03,88.25,85.19,3.0600000000000023
2024-07-04,88.34,,
2024-07-05,88.66,84.44,4.219999999999999
2024-07-08,87.15,83.63,3.5200000000000102
2024-07-09,86.48,82.78,3.700000000000003
2024-07-10,86.55,83.39,3.1599999999999966
2024-07-11,86.49,83.92,2.569999999999993
2024-07-12,87.35,83.49,3.8599999999999994
2024-07-15,86.42,83.22,3.200000000000003
2024-07-16,86.6,81.92,4.679999999999993
2024-07-17,85.76,84.16,1.6000000000000085
2024-07-18,86.26,84.17,2.0900000000000034
2024-07-19,85.19,81.43,3.759999999999991
2024-07-22,83.44,81.25,2.1899999999999977
2024-07-23,82.2,78.24,3.960000000000008
2024-07-24,83.01,78.78,4.230000000000004
2024-07-25,82.58,79.43,3.1499999999999915
2024-07-26,81.35,78.58,2.769999999999996
2024-07-29,80.94,77.27,3.6700000000000017
2024-07-30,79.26,76.17,3.0900000000000034
2024-07-31,81.39,79.36,2.030000000000001
2024-08-01,81.37,77.74,3.6300000000000097
2024-08-02,78.35,74.99,3.3599999999999994
2024-08-05,77.51,74.46,3.0500000000000114
2024-08-06,76.62,74.6,2.0200000000000102
2024-08-07,78.26,76.68,1.5799999999999983
2024-08-08,80.76,77.64,3.1200000000000045
2024-08-09,81.07,78.28,2.789999999999992
2024-08-12,83.06,81.45,1.6099999999999994
2024-08-13,82.51,79.81,2.700000000000003
2024-08-14,82.15,78.47,3.680000000000007
2024-08-15,83.09,79.66,3.430000000000007
2024-08-16,81.56,78.05,3.510000000000005
2024-08-19,81.09,75.82,5.27000000000001
2024-08-20,78.85,75.27,3.5799999999999983
2024-08-21,78.77,72.76,6.009999999999991
2024-08-22,78.8,73.72,5.079999999999998
2024-08-23,80.34,75.82,4.52000000000001
2024-08-26,,78.4,
2024-08-27,81.51,76.5,5.010000000000005
2024-08-28,80.04,75.49,4.550000000000011
2024-08-29,81.55,76.9,4.6499999999999915
2024-08-30,80.2,74.52,5.680000000000007
2024-09-02,77.82,,
2024-09-03,76.46,71.28,5.179999999999993
2024-09-04,74.67,70.11,4.560000000000002
2024-09-05,74.47,70.09,4.3799999999999955
2024-09-06,72.82,68.58,4.239999999999995
2024-09-09,72.37,69.65,2.719999999999999
2024-09-10,70.34,66.73,3.6099999999999994
2024-09-11,70.31,68.25,2.0600000000000023
2024-09-12,73.81,69.89,3.9200000000000017
2024-09-13,73.68,69.59,4.090000000000003
2024-09-16,73.96,71.1,2.8599999999999994
2024-09-17,74.55,72.16,2.3900000000000006
2024-09-18,74.52,71.87,2.6499999999999915
2024-09-19,75.93,72.86,3.0700000000000074
2024-09-20,75.96,72.72,3.239999999999995
2024-09-23,74.95,71.33,3.6200000000000045
2024-09-24,75.29,72.34,2.950000000000003
2024-09-25,75.4,70.42,4.980000000000004
2024-09-26,73.06,68.28,4.780000000000001
2024-09-27,71.63,68.72,2.9099999999999966
2024-09-30,72.35,68.75,3.5999999999999943
2024-10-01,75.3,70.41,4.890000000000001
2024-10-02,74.86,70.74,4.1200000000000045
2024-10-03,77.57,74.33,3.239999999999995
2024-10-04,79.32,74.93,4.389999999999986
2024-10-07,81.74,77.76,3.9799999999999898
2024-10-08,78.19,74.26,3.9299999999999926
2024-10-09,77.06,73.85,3.210000000000008
2024-10-10,79.45,76.46,2.990000000000009
2024-10-11,80.27,76.11,4.159999999999997
2024-10-14,78.47,,
2024-10-15,73.68,71.22,2.460000000000008
2024-10-16,73.65,70.97,2.680000000000007
2024-10-17,74.37,71.26,3.1099999999999994
2024-10-18,72.75,69.78,2.969999999999999
2024-10-21,73.29,71.16,2.1300000000000097
2024-10-22,75.59,72.84,2.75
2024-10-23,74.68,71.37,3.3100000000000023
2024-10-24,74.27,70.58,3.6899999999999977
2024-10-25,75.62,72.02,3.6000000000000085
2024-10-28,71.87,67.65,4.219999999999999
2024-10-29,71.09,67.48,3.6099999999999994
2024-10-30,73.21,68.91,4.299999999999997
2024-10-31,73.25,69.58,3.6700000000000017
2024-11-01,73.63,69.81,3.819999999999993
2024-11-04,74.89,71.83,3.0600000000000023
2024-11-05,76.98,72.26,4.719999999999999
2024-11-06,76.52,71.98,4.539999999999992
2024-11-07,75.73,72.69,3.0400000000000063
2024-11-08,74.04,70.69,3.3500000000000085
2024-11-11,72.19,,
2024-11-12,72.56,68.43,4.1299999999999955
2024-11-13,72.86,68.76,4.099999999999994
2024-11-14,73.39,68.99,4.400000000000006
2024-11-15,73.45,67.33,6.1200000000000045
2024-11-18,74.35,69.46,4.890000000000001
2024-11-19,74.32,69.75,4.569999999999993
2024-11-20,74.33,69.25,5.079999999999998
2024-11-21,75.09,70.39,4.700000000000003
2024-11-22,76.1,71.68,4.4199999999999875
2024-11-25,74.27,69.41,4.859999999999999
2024-11-26,74.56,69.05,5.510000000000005
2024-11-27,73.91,69.03,4.8799999999999955
2024-11-28,73.92,,
2024-11-29,74.16,68.26,5.8999999999999915
2024-12-02,72.81,68.35,4.460000000000008
2024-12-03,74.8,70.15,4.6499999999999915
2024-12-04,74.68,68.81,5.8700000000000045
2024-12-05,73.78,68.58,5.200000000000003
2024-12-06,73.78,68.58,5.200000000000003
2024-12-09,73.73,68.65,5.079999999999998
2024-12-10,73.64,68.85,4.790000000000006
2024-12-11,74.38,70.57,3.8100000000000023
2024-12-12,73.52,70.25,3.269999999999996
2024-12-13,74.89,71.54,3.3499999999999943
2024-12-16,74.3,71.03,3.269999999999996
2024-12-17,73.16,70.31,2.8499999999999943
2024-12-18,74.57,70.8,3.769999999999996
2024-12-19,73.75,70.1,3.6500000000000057
2024-12-20,73.19,69.71,3.480000000000004
2024-12-23,72.12,69.5,2.6200000000000045
2024-12-24,73.5,70.87,2.6299999999999955
2024-12-26,,70.38,
2024-12-27,73.77,71.28,2.489999999999995
2024-12-30,74.24,71.73,2.509999999999991
2024-12-31,74.58,72.44,2.1400000000000006
2025-01-02,76.14,73.79,2.3499999999999943
2025-01-03,76.72,74.64,2.0799999999999983
2025-01-06,77.27,74.31,2.9599999999999937
2025-01-07,77.84,74.99,2.8500000000000085
2025-01-08,77.37,73.99,3.3800000000000097
2025-01-09,78.44,,
2025-01-10,79.76,77.27,2.490000000000009
2025-01-13,82.69,79.57,3.1200000000000045
2025-01-14,82.39,78.2,4.189999999999998
2025-01-15,83.48,80.73,2.75
2025-01-16,82.39,79.35,3.0400000000000063
2025-01-17,83.02,78.56,4.459999999999994
2025-01-20,81.68,,
2025-01-21,80.57,76.79,3.779999999999987
2025-01-22,80.0,76.12,3.8799999999999955
2025-01-23,78.62,75.03,3.5900000000000034
2025-01-24,78.71,74.97,3.739999999999995
2025-01-27,77.3,73.51,3.789999999999992
2025-01-28,78.01,74.15,3.8599999999999994
2025-01-29,77.02,72.94,4.079999999999998
2025-01-30,77.42,73.1,4.320000000000007
2025-01-31,77.11,72.84,4.269999999999996
2025-02-03,76.49,73.52,2.969999999999999
2025-02-04,76.58,73.04,3.539999999999992
2025-02-05,74.71,71.39,3.319999999999993
2025-02-06,74.54,70.97,3.5700000000000074
2025-02-07,74.68,71.32,3.3600000000000136
2025-02-10,76.23,72.73,3.5
2025-02-11,77.65,73.67,3.980000000000004
2025-02-12,75.38,71.72,3.6599999999999966
2025-02-13,75.61,71.66,3.950000000000003
2025-02-14,75.19,71.05,4.140000000000001
2025-02-17,75.81,,
2025-02-18,76.46,72.21,4.25
2025-02-19,76.34,72.58,3.760000000000005
2025-02-20,76.95,72.88,4.070000000000007
2025-02-21,74.88,70.72,4.159999999999997
2025-02-24,74.89,71.06,3.8299999999999983
2025-02-25,73.11,69.15,3.9599999999999937
2025-02-26,73.49,68.87,4.61999999999999
2025-02-27,75.01,70.62,4.390000000000001
2025-02-28,74.76,69.97,4.790000000000006
2025-03-03,72.85,68.63,4.219999999999999
2025-03-04,72.31,68.47,3.8400000000000034
2025-03-05,70.92,66.58,4.340000000000003
2025-03-06,71.08,66.62,4.459999999999994
2025-03-07,72.49,67.29,5.199999999999989
2025-03-10,71.08,66.31,4.769999999999996
2025-03-11,71.51,66.52,4.990000000000009
2025-03-12,72.36,67.65,4.709999999999994
2025-03-13,70.82,66.82,4.0
2025-03-14,71.94,67.43,4.509999999999991
2025-03-17,71.93,67.84,4.090000000000003
2025-03-18,71.93,67.49,4.440000000000012
2025-03-19,71.94,67.4,4.539999999999992
2025-03-20,72.61,68.55,4.060000000000002
2025-03-21,72.64,68.52,4.1200000000000045
2025-03-24,73.96,69.46,4.5
2025-03-25,73.78,69.48,4.299999999999997
2025-03-26,74.6,70.05,4.549999999999997
2025-03-27,74.72,70.3,4.420000000000002
2025-03-28,74.69,69.74,4.950000000000003
2025-03-31,77.23,71.87,5.359999999999999
2025-04-01,77.78,71.61,6.170000000000002
2025-04-02,77.27,72.12,5.1499999999999915
2025-04-03,72.54,67.43,5.109999999999999
2025-04-04,68.36,62.42,5.939999999999998
2025-04-07,66.13,61.05,5.079999999999998
2025-04-08,64.86,60.04,4.82
2025-04-09,67.3,62.63,4.669999999999995
2025-04-10,65.37,60.57,4.800000000000004
2025-04-11,66.83,61.91,4.920000000000002
2025-04-14,67.18,61.99,5.190000000000005
2025-04-15,66.58,61.74,4.839999999999996
2025-04-16,67.94,62.88,5.059999999999995
2025-04-17,69.33,65.07,4.260000000000005
2025-04-21,,63.48,
2025-04-22,68.93,64.6,4.3300000000000125
2025-04-23,68.26,62.64,5.6200000000000045
2025-04-24,67.5,63.55,3.950000000000003
2025-04-25,66.99,63.85,3.1399999999999935
2025-04-28,66.13,63.3,2.8299999999999983
2025-04-29,64.04,61.84,2.200000000000003
2025-04-30,63.37,59.55,3.8200000000000003
2025-05-01,62.37,60.59,1.779999999999994
2025-05-02,61.57,59.67,1.8999999999999986
2025-05-05,,58.5,
2025-05-06,62.37,60.42,1.9499999999999957
2025-05-07,60.31,59.42,0.8900000000000006
2025-05-08,62.22,61.25,0.9699999999999989
2025-05-09,64.26,62.37,1.8900000000000077
2025-05-12,65.28,63.32,1.9600000000000009
2025-05-13,66.93,65.04,1.8900000000000006
2025-05-14,65.91,64.48,1.4299999999999926
2025-05-15,64.36,63.03,1.3299999999999983
2025-05-16,65.2,63.84,1.3599999999999994
2025-05-19,66.25,63.98,2.270000000000003
2025-05-20,66.93,63.97,2.960000000000008
2025-05-21,65.86,62.93,2.9299999999999997
2025-05-22,64.87,62.55,2.3200000000000074
2025-05-23,65.41,62.89,2.519999999999996
2025-05-27,64.32,61.61,2.7099999999999937
2025-05-28,65.72,62.54,3.1799999999999997
2025-05-29,64.6,61.66,2.9399999999999977
2025-05-30,64.32,61.46,2.8599999999999923
2025-06-02,66.55,63.27,3.279999999999994
2025-06-03,67.48,64.1,3.3800000000000097
2025-06-04,66.69,63.57,3.1199999999999974
2025-06-05,67.14,64.06,3.0799999999999983
2025-06-06,68.02,65.3,2.719999999999999
2025-06-09,68.73,65.99,2.740000000000009
2025-06-10,68.41,65.66,2.75
2025-06-11,71.29,68.91,2.3800000000000097
2025-06-12,70.84,68.73,2.1099999999999994
2025-06-13,76.0,73.84,2.1599999999999966
2025-06-16,75.05,72.53,2.519999999999996
2025-06-17,78.7,75.62,3.0799999999999983
2025-06-18,78.38,75.89,2.489999999999995
2025-06-19,80.37,,
2025-06-20,78.73,75.72,3.010000000000005
2025-06-23,74.34,69.36,4.980000000000004
2025-06-24,69.13,65.45,3.6799999999999926
2025-06-25,68.4,65.98,2.4200000000000017
2025-06-26,68.57,66.44,2.1299999999999955
2025-06-27,69.37,66.66,2.710000000000008
2025-06-30,68.15,66.3,1.8500000000000085
2025-07-01,67.63,66.64,0.9899999999999949
2025-07-02,70.8,68.66,2.1400000000000006
2025-07-03,70.42,68.13,2.2900000000000063
2025-07-04,71.03,,
2025-07-07,71.95,69.16,2.7900000000000063
2025-07-08,72.5,69.55,2.950000000000003
2025-07-09,71.98,69.61,2.3700000000000045
2025-07-10,70.38,67.78,2.5999999999999943
2025-07-11,72.06,69.63,2.430000000000007
2025-07-14,70.96,68.19,2.769999999999996
2025-07-15,70.27,67.76,2.509999999999991
2025-07-16,69.67,67.13,2.5400000000000063
2025-07-17,71.32,68.76,2.559999999999988
2025-07-18,71.06,68.53,2.530000000000001
2025-07-21,71.92,68.39,3.530000000000001
2025-07-22,69.69,67.56,2.1299999999999955
2025-07-23,69.17,66.05,3.1200000000000045
2025-07-24,70.42,67.16,3.260000000000005
2025-07-25,69.23,66.38,2.8500000000000085
2025-07-28,70.87,67.81,3.0600000000000023
2025-07-29,73.21,70.27,2.9399999999999977
2025-07-30,73.98,71.09,2.8900000000000006
2025-07-31,73.43,70.36,3.0700000000000074
2025-08-01,70.55,68.39,2.1599999999999966
2025-08-04,69.56,67.33,2.230000000000004
2025-08-05,69.14,66.2,2.9399999999999977
2025-08-06,67.97,65.38,2.5900000000000034
2025-08-07,66.99,64.9,2.089999999999989
2025-08-08,67.17,64.94,2.230000000000004
2025-08-11,67.36,65.03,2.3299999999999983
2025-08-12,66.8,64.22,2.5799999999999983
2025-08-13,66.25,63.68,2.5700000000000003
2025-08-14,68.12,64.99,3.1300000000000097
2025-08-15,67.3,63.78,3.519999999999996
2025-08-18,68.18,64.51,3.6700000000000017
2025-08-19,66.62,63.38,3.240000000000002
2025-08-20,67.61,64.19,3.4200000000000017
2025-08-21,68.41,64.56,3.8499999999999943
2025-08-22,68.29,64.08,4.210000000000008
2025-08-25,,65.18,
2025-08-26,66.89,63.6,3.289999999999999
2025-08-27,67.75,64.49,3.260000000000005
2025-08-28,68.61,64.96,3.6500000000000057
2025-08-29,67.83,64.36,3.469999999999999
2025-09-01,67.09,,
2025-09-02,68.09,65.95,2.1400000000000006
2025-09-03,67.76,64.36,3.4000000000000057
2025-09-04,66.41,63.81,2.5999999999999943
2025-09-05,64.92,62.22,2.700000000000003
2025-09-08,65.44,62.6,2.8399999999999963
2025-09-09,67.97,62.97,5.0
2025-09-10,67.62,64.01,3.6099999999999994
2025-09-11,67.25,62.71,4.539999999999999
2025-09-12,67.87,63.02,4.850000000000001
2025-09-15,67.88,63.66,4.219999999999999
2025-09-16,69.69,64.89,4.799999999999997
2025-09-17,69.19,64.41,4.780000000000001
2025-09-18,67.83,63.91,3.9200000000000017
2025-09-19,67.05,63.02,4.029999999999994
2025-09-22,66.87,62.99,3.8800000000000026
2025-09-23,67.96,63.76,4.199999999999996
2025-09-24,69.64,65.4,4.239999999999995
2025-09-25,70.48,65.51,4.969999999999999
2025-09-26,71.15,66.5,4.650000000000006
2025-09-29,69.0,64.27,4.730000000000004
2025-09-30,68.52,63.17,5.349999999999994
2025-10-01,66.67,62.59,4.079999999999998
2025-10-02,65.44,61.28,4.159999999999997
2025-10-03,66.13,61.65,4.479999999999997
2025-10-06,67.09,62.49,4.600000000000001
2025-10-07,67.1,62.52,4.579999999999991
2025-10-08,67.42,63.37,4.050000000000004
2025-10-09,67.23,62.36,4.8700000000000045
2025-10-10,64.41,59.75,4.659999999999997
2025-10-13,64.15,,
2025-10-14,63.0,59.52,3.479999999999997
2025-10-15,62.33,59.08,3.25
2025-10-16,61.08,58.29,2.789999999999999
2025-10-17,61.23,58.3,2.9299999999999997
2025-10-20,60.71,58.34,2.3699999999999974
2025-10-21,61.0,58.66,2.3400000000000034
2025-10-22,62.28,59.3,2.980000000000004
2025-10-23,66.32,62.44,3.8799999999999955
2025-10-24,65.8,62.27,3.529999999999994
2025-10-27,65.52,62.13,3.3899999999999935
2025-10-28,64.03,60.97,3.0600000000000023
2025-10-29,65.01,61.26,3.750000000000007
2025-10-30,65.11,61.36,3.75
2025-10-31,65.44,61.75,3.6899999999999977
2025-11-03,65.79,61.79,4.000000000000007
2025-11-04,65.04,61.38,3.6600000000000037
2025-11-05,63.54,60.4,3.1400000000000006
2025-11-06,63.41,60.24,3.1699999999999946
2025-11-07,63.72,60.54,3.1799999999999997
2025-11-10,63.01,60.94,2.0700000000000003
2025-11-11,63.86,,
2025-11-12,61.88,59.3,2.5800000000000054
2025-11-13,62.14,59.54,2.6000000000000014
2025-11-14,63.45,60.87,2.5800000000000054
2025-11-17,63.16,60.66,2.5
2025-11-18,64.86,61.51,3.3500000000000014
2025-11-19,63.78,60.27,3.509999999999998
2025-11-20,63.64,60.07,3.5700000000000003
2025-11-21,62.78,58.86,3.9200000000000017
2025-11-24,64.83,59.11,5.719999999999999
2025-11-25,63.99,58.25,5.740000000000002
2025-11-26,64.81,58.81,6.0
2025-11-27,64.18,,
2025-11-28,64.07,58.58,5.489999999999995
2025-12-01,64.22,59.47,4.75
2025-12-02,63.37,58.81,4.559999999999995
2025-12-03,63.75,59.09,4.659999999999997
2025-12-04,64.15,59.82,4.330000000000005
2025-12-05,64.42,60.23,4.190000000000005
2025-12-08,63.3,59.04,4.259999999999998
2025-12-09,62.62,58.4,4.219999999999999
2025-12-10,63.12,58.67,4.449999999999996
2025-12-11,61.87,57.76,4.109999999999999
2025-12-12,62.11,57.61,4.5
2025-12-15,61.55,56.97,4.579999999999998
2025-12-16,59.93,55.44,4.490000000000002
2025-12-17,60.61,56.07,4.539999999999999
2025-12-18,60.69,56.22,4.469999999999999
2025-12-19,61.35,56.8,4.550000000000004
2025-12-22,62.22,58.18,4.039999999999999
2025-12-23,63.7,58.55,5.150000000000006
2025-12-24,63.7,58.72,4.980000000000004
2025-12-26,,56.6,
2025-12-29,63.1,57.89,5.210000000000001
2025-12-30,62.3,57.79,4.509999999999998
2025-12-31,61.35,57.26,4.090000000000003
2026-01-02,61.98,57.21,4.769999999999996
2026-01-05,63.0,58.1,4.899999999999999
2026-01-06,62.1,56.97,5.130000000000003
2026-01-07,61.08,56.01,5.07
2026-01-08,63.34,57.74,5.600000000000001
2026-01-09,65.11,58.96,6.149999999999999
2026-01-12,65.4,59.39,6.010000000000005
2026-01-13,67.58,60.85,6.729999999999997
2026-01-14,68.87,61.84,7.030000000000001
2026-01-15,66.16,59.13,7.029999999999994
2026-01-16,66.97,59.4,7.57
2026-01-19,66.91,,
2026-01-20,67.68,60.3,7.38000000000001
2026-01-21,66.72,60.38,6.339999999999996
2026-01-22,65.46,59.24,6.219999999999992
2026-01-23,68.16,60.7,7.459999999999994
2026-01-26,67.7,60.46,7.240000000000002
2026-01-27,70.28,62.04,8.240000000000002
2026-01-28,70.9,62.75,8.150000000000006
2026-01-29,71.0,64.77,6.230000000000004
2026-01-30,72.25,64.5,7.75
2026-02-02,67.72,61.6,6.119999999999997
2026-02-03,70.01,62.62,7.390000000000008
2026-02-04,71.15,64.56,6.590000000000003
2026-02-05,69.87,62.9,6.970000000000006
2026-02-06,70.45,63.77,6.68
2026-02-09,71.19,64.53,6.659999999999997
2026-02-10,71.01,64.2,6.810000000000002
2026-02-11,71.52,64.8,6.719999999999999
2026-02-12,69.8,63.08,6.719999999999999
2026-02-13,69.96,63.05,6.909999999999997
2026-02-16,70.81,,
2026-02-17,69.77,62.53,7.239999999999995
2026-02-18,71.78,65.33,6.450000000000003
2026-02-19,73.17,66.66,6.510000000000005
2026-02-20,72.75,66.69,6.060000000000002
2026-02-23,71.9,66.36,5.540000000000006
2026-02-24,71.21,65.62,5.589999999999989
2026-02-25,70.69,65.3,5.390000000000001
2026-02-26,71.66,65.1,6.560000000000002
2026-02-27,71.32,66.96,4.359999999999999
2026-03-02,77.24,71.13,6.109999999999999
2026-03-03,83.28,74.48,8.799999999999997
2026-03-04,81.56,74.58,6.980000000000004
2026-03-05,88.59,80.88,7.710000000000008
2026-03-06,95.74,90.77,4.969999999999999
2026-03-09,94.35,94.65,-0.30000000000001137
2026-03-10,89.84,83.71,6.13000000000001
2026-03-11,90.98,86.8,4.180000000000007
2026-03-12,102.38,95.61,6.769999999999996
2026-03-13,103.23,98.48,4.75
2026-03-16,101.04,93.39,7.650000000000006
2026-03-17,108.39,96.01,12.379999999999995
2026-03-18,118.09,96.12,21.97
2026-03-19,111.05,96.11,14.939999999999998
2026-03-20,118.42,98.71,19.710000000000008
2026-03-23,103.79,89.33,14.460000000000008
2026-03-24,108.42,93.18,15.239999999999995
2026-03-25,109.14,91.51,17.629999999999995
2026-03-26,113.39,96.18,17.209999999999994
2026-03-27,121.47,101.26,20.209999999999994
2026-03-30,121.88,104.69,17.189999999999998
2026-03-31,126.69,102.86,23.83
2026-04-01,119.56,101.9,17.659999999999997
2026-04-02,127.61,113.23,14.379999999999995
2026-04-06,,114.01,
2026-04-07,138.21,114.58,23.63000000000001
2026-04-08,122.11,96.17,25.939999999999998
2026-04-09,119.03,99.62,19.409999999999997
2026-04-10,119.07,98.34,20.72999999999999
2026-04-13,123.28,100.72,22.560000000000002
2026-04-14,118.69,93.07,25.620000000000005
2026-04-15,114.93,93.04,21.89
2026-04-16,116.63,96.46,20.17
2026-04-17,98.63,85.91,12.719999999999999
2026-04-20,103.4,91.06,12.340000000000003
2026-04-21,106.14,93.64,12.5
2026-04-22,113.44,94.76,18.679999999999993
2026-04-23,113.25,99.27,13.980000000000004
2026-04-24,111.86,98.42,13.439999999999998
2026-04-27,113.89,99.89,14.0
2026-04-28,117.62,103.45,14.170000000000002
2026-04-29,124.16,110.47,13.689999999999998
2026-04-30,124.24,108.64,15.599999999999994
2026-05-01,118.26,105.38,12.88000000000001
2026-05-04,,109.76,
2026-05-05,114.51,105.66,8.850000000000009
2026-05-06,103.7,98.75,4.950000000000003
2026-05-07,101.82,98.38,3.4399999999999977
2026-05-08,103.48,98.87,4.609999999999999
2026-05-11,106.11,101.56,4.549999999999997
2026-05-12,111.37,105.78,5.590000000000003
2026-05-13,110.28,104.52,5.760000000000005
2026-05-14,110.91,104.66,6.25
2026-05-15,113.96,108.99,4.969999999999999
2026-05-18,116.73,112.25,4.480000000000004
2026-05-19,114.64,112.09,2.549999999999997
2026-05-20,108.93,101.69,7.240000000000009
2026-05-21,105.84,100.2,5.640000000000001
2026-05-22,106.9,100.35,6.550000000000011
2026-05-26,102.75,97.63,5.1200000000000045
2026-05-27,97.11,92.35,4.760000000000005
2026-05-28,95.47,92.65,2.819999999999993
2026-05-29,92.88,91.16,1.7199999999999989
2026-06-01,98.29,95.96,2.3300000000000125
2026-06-02,98.49,97.47,1.019999999999996
2026-06-03,101.69,99.76,1.9299999999999926
2026-06-04,98.98,96.83,2.1500000000000057
2026-06-05,97.29,94.32,2.970000000000013
2026-06-08,97.46,95.0,2.4599999999999937
2026-06-09,94.15,91.9,2.25
2026-06-10,95.73,93.68,2.049999999999997
2026-06-11,92.84,91.58,1.2600000000000051
2026-06-12,88.64,88.62,0.01999999999999602
2026-06-15,84.36,84.65,-0.29000000000000625
2026-06-16,80.5,79.8,0.7000000000000028
2026-06-17,80.33,80.65,-0.3200000000000074
2026-06-18,79.35,80.35,-1.0
2026-06-19,80.46,,
2026-06-22,76.49,78.94,-2.450000000000003
2026-06-23,75.69,74.62,1.0699999999999932
2026-06-24,72.09,71.42,0.6700000000000017
2026-06-25,73.74,72.67,1.0699999999999932
2026-06-26,70.16,70.3,-0.14000000000000057
2026-06-29,71.59,71.87,-0.28000000000000114
2026-06-30,70.46,70.56,-0.10000000000000853
2026-07-01,69.24,69.74,-0.5
2026-07-02,68.53,69.73,-1.2000000000000028
2026-07-03,68.68,,
2026-07-06,69.56,69.6,-0.03999999999999204
2026-07-07,71.78,71.53,0.25
2026-07-08,76.5,74.56,1.9399999999999977
2026-07-09,74.46,73.15,1.309999999999988
2026-07-10,74.34,72.45,1.8900000000000006
2026-07-13,81.62,79.2,2.4200000000000017
2026-07-14,83.69,80.44,3.25
2026-07-15,83.08,80.73,2.3499999999999943
2026-07-16,81.23,80.03,1.2000000000000028
2026-07-17,85.01,83.43,1.5799999999999983
2026-07-20,86.99,84.38,2.6099999999999994
2026-07-21,93.85,86.04,7.809999999999988
2026-07-22,94.12,87.66,6.460000000000008
2026-07-23,105.32,93.08,12.239999999999995
2026-07-24,100.31,91.74,8.570000000000007
2026-07-27,91.82,84.25,7.569999999999993
