period,duoarea,area-name,value,units,is_aggregate
2019-01-01,NUS-NSA,SAU,22039,MBBL,False
2019-01-01,NUS-ME0,NA,70498,MBBL,True
2019-01-01,NUS-NIZ,IRQ,13274,MBBL,False
2019-01-01,NUS-MP0,NA,35876,MBBL,True
2019-01-01,NUS-NEC,ECU,7370,MBBL,False
2019-01-01,NUS-NCD,TCD,477,MBBL,False
2019-01-01,NUS-NTD,TTO,846,MBBL,False
2019-01-01,NUS-NBH,BLZ,68,MBBL,False
2019-01-01,NUS-NKU,KWT,563,MBBL,False
2019-01-01,NUS-NAG,DZA,636,MBBL,False
2019-01-01,NUS-NAO,AGO,248,MBBL,False
2019-01-01,NUS-NVE,VEN,17403,MBBL,False
2019-01-01,NUS-MN0,NA,163809,MBBL,True
2019-01-01,NUS-NRS,RUS,3989,MBBL,False
2019-01-01,NUS-NUK,GBR,1030,MBBL,False
2019-01-01,NUS-NCA,CAN,123214,MBBL,False
2019-01-01,NUS-NCF,COG,1801,MBBL,False
2019-01-01,NUS-NNO,NOR,1299,MBBL,False
2019-01-01,NUS-NEK,GNQ,653,MBBL,False
2019-01-01,NUS-NLY,LBY,1645,MBBL,False
2019-01-01,NUS-NBR,BRA,2010,MBBL,False
2019-01-01,NUS-Z00,U.S.,234307,MBBL,True
2019-01-01,NUS-NGH,GHA,682,MBBL,False
2019-01-01,NUS-NCO,COL,10976,MBBL,False
2019-01-01,NUS-NNI,NGA,4866,MBBL,False
2019-01-01,NUS-NEG,EGY,248,MBBL,False
2019-01-01,NUS-NAR,ARG,2033,MBBL,False
2019-01-01,NUS-NMX,MEX,16937,MBBL,False
2019-02-01,NUS-NSA,SAU,16154,MBBL,False
2019-02-01,NUS-NSS,NA,601,MBBL,False
2019-02-01,NUS-NKZ,KAZ,1306,MBBL,False
2019-02-01,NUS-ME0,NA,44911,MBBL,True
2019-02-01,NUS-NIZ,IRQ,11828,MBBL,False
2019-02-01,NUS-MP0,NA,30941,MBBL,True
2019-02-01,NUS-NEC,ECU,4312,MBBL,False
2019-02-01,NUS-NCD,TCD,472,MBBL,False
2019-02-01,NUS-NTD,TTO,1128,MBBL,False
2019-02-01,NUS-NKU,KWT,2959,MBBL,False
2019-02-01,NUS-NAG,DZA,1041,MBBL,False
2019-02-01,NUS-NVE,VEN,6772,MBBL,False
2019-02-01,NUS-MN0,NA,141846,MBBL,True
2019-02-01,NUS-NRS,RUS,2406,MBBL,False
2019-02-01,NUS-NCA,CAN,102751,MBBL,False
2019-02-01,NUS-NGT,GTM,272,MBBL,False
2019-02-01,NUS-NNO,NOR,989,MBBL,False
2019-02-01,NUS-NEK,GNQ,306,MBBL,False
2019-02-01,NUS-NLY,LBY,1000,MBBL,False
2019-02-01,NUS-NBR,BRA,1487,MBBL,False
2019-02-01,NUS-Z00,U.S.,186757,MBBL,True
2019-02-01,NUS-NBX,BRN,417,MBBL,False
2019-02-01,NUS-NGH,GHA,981,MBBL,False
2019-02-01,NUS-NCO,COL,9647,MBBL,False
2019-02-01,NUS-NNI,NGA,539,MBBL,False
2019-02-01,NUS-NEG,EGY,200,MBBL,False
2019-02-01,NUS-NAR,ARG,523,MBBL,False
2019-02-01,NUS-NMX,MEX,18666,MBBL,False
2019-03-01,NUS-NSA,SAU,19837,MBBL,False
2019-03-01,NUS-NKZ,KAZ,1498,MBBL,False
2019-03-01,NUS-ME0,NA,45972,MBBL,True
2019-03-01,NUS-NIZ,IRQ,8538,MBBL,False
2019-03-01,NUS-MP0,NA,32387,MBBL,True
2019-03-01,NUS-NEC,ECU,3853,MBBL,False
2019-03-01,NUS-NTD,TTO,1895,MBBL,False
2019-03-01,NUS-NDA,DNK,723,MBBL,False
2019-03-01,NUS-NKU,KWT,4012,MBBL,False
2019-03-01,NUS-NAG,DZA,1041,MBBL,False
2019-03-01,NUS-NAO,AGO,324,MBBL,False
2019-03-01,NUS-NVE,VEN,1454,MBBL,False
2019-03-01,NUS-MN0,NA,164304,MBBL,True
2019-03-01,NUS-NRS,RUS,2917,MBBL,False
2019-03-01,NUS-NUK,GBR,1530,MBBL,False
2019-03-01,NUS-NCA,CAN,115733,MBBL,False
2019-03-01,NUS-NGT,GTM,271,MBBL,False
2019-03-01,NUS-NCF,COG,1934,MBBL,False
2019-03-01,NUS-NNO,NOR,1669,MBBL,False
2019-03-01,NUS-NLY,LBY,785,MBBL,False
2019-03-01,NUS-NBR,BRA,2716,MBBL,False
2019-03-01,NUS-Z00,U.S.,210276,MBBL,True
2019-03-01,NUS-NBX,BRN,1022,MBBL,False
2019-03-01,NUS-NGH,GHA,378,MBBL,False
2019-03-01,NUS-NCO,COL,12116,MBBL,False
2019-03-01,NUS-NNI,NGA,4194,MBBL,False
2019-03-01,NUS-NEG,EGY,699,MBBL,False
2019-03-01,NUS-NAR,ARG,747,MBBL,False
2019-03-01,NUS-NMX,MEX,20390,MBBL,False
2019-04-01,NUS-NSA,SAU,17055,MBBL,False
2019-04-01,NUS-NKZ,KAZ,3319,MBBL,False
2019-04-01,NUS-ME0,NA,42351,MBBL,True
2019-04-01,NUS-NIZ,IRQ,7947,MBBL,False
2019-04-01,NUS-MP0,NA,26818,MBBL,True
2019-04-01,NUS-NEC,ECU,3850,MBBL,False
2019-04-01,NUS-NTD,TTO,1001,MBBL,False
2019-04-01,NUS-NDA,DNK,771,MBBL,False
2019-04-01,NUS-NCM,CMR,658,MBBL,False
2019-04-01,NUS-NKU,KWT,1816,MBBL,False
2019-04-01,NUS-NAG,DZA,1047,MBBL,False
2019-04-01,NUS-NAO,AGO,951,MBBL,False
2019-04-01,NUS-NVE,VEN,3429,MBBL,False
2019-04-01,NUS-MN0,NA,167607,MBBL,True
2019-04-01,NUS-NRS,RUS,5464,MBBL,False
2019-04-01,NUS-NUK,GBR,3289,MBBL,False
2019-04-01,NUS-NCA,CAN,115642,MBBL,False
2019-04-01,NUS-NNO,NOR,1458,MBBL,False
2019-04-01,NUS-NLY,LBY,2339,MBBL,False
2019-04-01,NUS-NBR,BRA,2454,MBBL,False
2019-04-01,NUS-Z00,U.S.,209958,MBBL,True
2019-04-01,NUS-NGH,GHA,944,MBBL,False
2019-04-01,NUS-NCO,COL,11568,MBBL,False
2019-04-01,NUS-NNI,NGA,3917,MBBL,False
2019-04-01,NUS-NEG,EGY,461,MBBL,False
2019-04-01,NUS-NAR,ARG,1031,MBBL,False
2019-04-01,NUS-NMX,MEX,19547,MBBL,False
2019-05-01,NUS-NSA,SAU,14015,MBBL,False
2019-05-01,NUS-ME0,NA,48172,MBBL,True
2019-05-01,NUS-NIZ,IRQ,11340,MBBL,False
2019-05-01,NUS-MP0,NA,27108,MBBL,True
2019-05-01,NUS-NEC,ECU,5519,MBBL,False
2019-05-01,NUS-NTD,TTO,1021,MBBL,False
2019-05-01,NUS-NDA,DNK,1315,MBBL,False
2019-05-01,NUS-NKU,KWT,1753,MBBL,False
2019-05-01,NUS-NAG,DZA,1650,MBBL,False
2019-05-01,NUS-NAO,AGO,1433,MBBL,False
2019-05-01,NUS-NVE,VEN,343,MBBL,False
2019-05-01,NUS-MN0,NA,173597,MBBL,True
2019-05-01,NUS-NRS,RUS,5881,MBBL,False
2019-05-01,NUS-NUK,GBR,4305,MBBL,False
2019-05-01,NUS-NCA,CAN,117216,MBBL,False
2019-05-01,NUS-NGT,GTM,283,MBBL,False
2019-05-01,NUS-NCF,COG,905,MBBL,False
2019-05-01,NUS-NNO,NOR,2589,MBBL,False
2019-05-01,NUS-NEK,GNQ,663,MBBL,False
2019-05-01,NUS-NLY,LBY,3033,MBBL,False
2019-05-01,NUS-NSP,ESP,194,MBBL,False
2019-05-01,NUS-NBR,BRA,6610,MBBL,False
2019-05-01,NUS-Z00,U.S.,221769,MBBL,True
2019-05-01,NUS-NBX,BRN,595,MBBL,False
2019-05-01,NUS-NCO,COL,12748,MBBL,False
2019-05-01,NUS-NNI,NGA,7518,MBBL,False
2019-05-01,NUS-NNL,NLD,486,MBBL,False
2019-05-01,NUS-NEG,EGY,456,MBBL,False
2019-05-01,NUS-NAR,ARG,1042,MBBL,False
2019-05-01,NUS-NMX,MEX,18856,MBBL,False
2019-06-01,NUS-NSA,SAU,16861,MBBL,False
2019-06-01,NUS-NSS,NA,603,MBBL,False
2019-06-01,NUS-NKZ,KAZ,24,MBBL,False
2019-06-01,NUS-ME0,NA,46767,MBBL,True
2019-06-01,NUS-NIZ,IRQ,10653,MBBL,False
2019-06-01,NUS-MP0,NA,28284,MBBL,True
2019-06-01,NUS-NEC,ECU,4433,MBBL,False
2019-06-01,NUS-NCD,TCD,476,MBBL,False
2019-06-01,NUS-NTD,TTO,1495,MBBL,False
2019-06-01,NUS-NBH,BLZ,68,MBBL,False
2019-06-01,NUS-NDA,DNK,1033,MBBL,False
2019-06-01,NUS-NCM,CMR,681,MBBL,False
2019-06-01,NUS-NKU,KWT,770,MBBL,False
2019-06-01,NUS-NAG,DZA,998,MBBL,False
2019-06-01,NUS-NAO,AGO,3363,MBBL,False
2019-06-01,NUS-MN0,NA,167796,MBBL,True
2019-06-01,NUS-NRS,RUS,5779,MBBL,False
2019-06-01,NUS-NUK,GBR,1836,MBBL,False
2019-06-01,NUS-NCA,CAN,115147,MBBL,False
2019-06-01,NUS-NGT,GTM,281,MBBL,False
2019-06-01,NUS-NNO,NOR,4527,MBBL,False
2019-06-01,NUS-NEK,GNQ,496,MBBL,False
2019-06-01,NUS-NLY,LBY,1649,MBBL,False
2019-06-01,NUS-NBR,BRA,3902,MBBL,False
2019-06-01,NUS-Z00,U.S.,214563,MBBL,True
2019-06-01,NUS-NBX,BRN,900,MBBL,False
2019-06-01,NUS-NGH,GHA,2440,MBBL,False
2019-06-01,NUS-NCO,COL,10168,MBBL,False
2019-06-01,NUS-NNI,NGA,7544,MBBL,False
2019-06-01,NUS-NEG,EGY,1782,MBBL,False
2019-06-01,NUS-NAR,ARG,299,MBBL,False
2019-06-01,NUS-NMX,MEX,16355,MBBL,False
2019-07-01,NUS-NSA,SAU,12234,MBBL,False
2019-07-01,NUS-NKZ,KAZ,2073,MBBL,False
2019-07-01,NUS-ME0,NA,37437,MBBL,True
2019-07-01,NUS-NIZ,IRQ,10843,MBBL,False
2019-07-01,NUS-MP0,NA,23691,MBBL,True
2019-07-01,NUS-NEC,ECU,5634,MBBL,False
2019-07-01,NUS-NCD,TCD,476,MBBL,False
2019-07-01,NUS-NTD,TTO,2095,MBBL,False
2019-07-01,NUS-NKU,KWT,614,MBBL,False
2019-07-01,NUS-MN0,NA,177646,MBBL,True
2019-07-01,NUS-NRS,RUS,1660,MBBL,False
2019-07-01,NUS-NUK,GBR,2941,MBBL,False
2019-07-01,NUS-NCA,CAN,128152,MBBL,False
2019-07-01,NUS-NCF,COG,897,MBBL,False
2019-07-01,NUS-NNO,NOR,199,MBBL,False
2019-07-01,NUS-NEK,GNQ,505,MBBL,False
2019-07-01,NUS-NLY,LBY,1000,MBBL,False
2019-07-01,NUS-NBR,BRA,7249,MBBL,False
2019-07-01,NUS-Z00,U.S.,215083,MBBL,True
2019-07-01,NUS-NBX,BRN,988,MBBL,False
2019-07-01,NUS-NGH,GHA,449,MBBL,False
2019-07-01,NUS-NCO,COL,9191,MBBL,False
2019-07-01,NUS-NNI,NGA,5710,MBBL,False
2019-07-01,NUS-NAR,ARG,2453,MBBL,False
2019-07-01,NUS-NMX,MEX,19720,MBBL,False
2019-08-01,NUS-NSA,SAU,12929,MBBL,False
2019-08-01,NUS-NKZ,KAZ,623,MBBL,False
2019-08-01,NUS-ME0,NA,46531,MBBL,True
2019-08-01,NUS-NIZ,IRQ,7712,MBBL,False
2019-08-01,NUS-MP0,NA,22065,MBBL,True
2019-08-01,NUS-NEC,ECU,9392,MBBL,False
2019-08-01,NUS-NTD,TTO,998,MBBL,False
2019-08-01,NUS-NDA,DNK,569,MBBL,False
2019-08-01,NUS-NKU,KWT,1424,MBBL,False
2019-08-01,NUS-NAO,AGO,1242,MBBL,False
2019-08-01,NUS-MN0,NA,168742,MBBL,True
2019-08-01,NUS-NRS,RUS,5334,MBBL,False
2019-08-01,NUS-NUK,GBR,2008,MBBL,False
2019-08-01,NUS-NCA,CAN,117579,MBBL,False
2019-08-01,NUS-NGT,GTM,816,MBBL,False
2019-08-01,NUS-NNO,NOR,835,MBBL,False
2019-08-01,NUS-NLY,LBY,2053,MBBL,False
2019-08-01,NUS-NBR,BRA,2870,MBBL,False
2019-08-01,NUS-Z00,U.S.,215273,MBBL,True
2019-08-01,NUS-NBX,BRN,958,MBBL,False
2019-08-01,NUS-NGH,GHA,2051,MBBL,False
2019-08-01,NUS-NCO,COL,10021,MBBL,False
2019-08-01,NUS-NNI,NGA,11779,MBBL,False
2019-08-01,NUS-NEG,EGY,523,MBBL,False
2019-08-01,NUS-NAR,ARG,1596,MBBL,False
2019-08-01,NUS-NMX,MEX,21961,MBBL,False
2019-09-01,NUS-NSA,SAU,13727,MBBL,False
2019-09-01,NUS-NKZ,KAZ,2163,MBBL,False
2019-09-01,NUS-ME0,NA,43071,MBBL,True
2019-09-01,NUS-NIZ,IRQ,11999,MBBL,False
2019-09-01,NUS-MP0,NA,26752,MBBL,True
2019-09-01,NUS-NEC,ECU,5595,MBBL,False
2019-09-01,NUS-NTD,TTO,1050,MBBL,False
2019-09-01,NUS-NAO,AGO,1729,MBBL,False
2019-09-01,NUS-MN0,NA,151414,MBBL,True
2019-09-01,NUS-NRS,RUS,3385,MBBL,False
2019-09-01,NUS-NTC,ARE,1026,MBBL,False
2019-09-01,NUS-NUK,GBR,3039,MBBL,False
2019-09-01,NUS-NCA,CAN,111063,MBBL,False
2019-09-01,NUS-NNO,NOR,2271,MBBL,False
2019-09-01,NUS-NLY,LBY,2072,MBBL,False
2019-09-01,NUS-NBR,BRA,2460,MBBL,False
2019-09-01,NUS-Z00,U.S.,194485,MBBL,True
2019-09-01,NUS-NBX,BRN,2026,MBBL,False
2019-09-01,NUS-NGH,GHA,948,MBBL,False
2019-09-01,NUS-NCO,COL,7309,MBBL,False
2019-09-01,NUS-NNI,NGA,6923,MBBL,False
2019-09-01,NUS-NEG,EGY,11,MBBL,False
2019-09-01,NUS-NMX,MEX,15689,MBBL,False
2019-10-01,NUS-NSA,SAU,12993,MBBL,False
2019-10-01,NUS-ME0,NA,37142,MBBL,True
2019-10-01,NUS-NIZ,IRQ,7822,MBBL,False
2019-10-01,NUS-MP0,NA,20815,MBBL,True
2019-10-01,NUS-NEC,ECU,7441,MBBL,False
2019-10-01,NUS-NTD,TTO,2130,MBBL,False
2019-10-01,NUS-NCM,CMR,527,MBBL,False
2019-10-01,NUS-NPE,PER,209,MBBL,False
2019-10-01,NUS-NAO,AGO,1670,MBBL,False
2019-10-01,NUS-MN0,NA,156351,MBBL,True
2019-10-01,NUS-NRS,RUS,4792,MBBL,False
2019-10-01,NUS-NUK,GBR,884,MBBL,False
2019-10-01,NUS-NCA,CAN,116574,MBBL,False
2019-10-01,NUS-NGT,GTM,281,MBBL,False
2019-10-01,NUS-NNO,NOR,279,MBBL,False
2019-10-01,NUS-NEK,GNQ,663,MBBL,False
2019-10-01,NUS-NLY,LBY,2669,MBBL,False
2019-10-01,NUS-NBR,BRA,7005,MBBL,False
2019-10-01,NUS-Z00,U.S.,193493,MBBL,True
2019-10-01,NUS-NBX,BRN,971,MBBL,False
2019-10-01,NUS-NCO,COL,6233,MBBL,False
2019-10-01,NUS-NNI,NGA,3884,MBBL,False
2019-10-01,NUS-NAR,ARG,1355,MBBL,False
2019-10-01,NUS-NMX,MEX,15111,MBBL,False
2019-11-01,NUS-NSA,SAU,10565,MBBL,False
2019-11-01,NUS-NSS,NA,41,MBBL,False
2019-11-01,NUS-NKZ,KAZ,1017,MBBL,False
2019-11-01,NUS-ME0,NA,37053,MBBL,True
2019-11-01,NUS-NIZ,IRQ,7071,MBBL,False
2019-11-01,NUS-MP0,NA,18868,MBBL,True
2019-11-01,NUS-NEC,ECU,7956,MBBL,False
2019-11-01,NUS-NTD,TTO,1376,MBBL,False
2019-11-01,NUS-NCM,CMR,947,MBBL,False
2019-11-01,NUS-NKU,KWT,1232,MBBL,False
2019-11-01,NUS-NAG,DZA,455,MBBL,False
2019-11-01,NUS-NAO,AGO,759,MBBL,False
2019-11-01,NUS-MN0,NA,137478,MBBL,True
2019-11-01,NUS-NRS,RUS,2125,MBBL,False
2019-11-01,NUS-NUK,GBR,1948,MBBL,False
2019-11-01,NUS-NCA,CAN,100818,MBBL,False
2019-11-01,NUS-NNO,NOR,626,MBBL,False
2019-11-01,NUS-NLY,LBY,2685,MBBL,False
2019-11-01,NUS-NBR,BRA,2181,MBBL,False
2019-11-01,NUS-Z00,U.S.,174531,MBBL,True
2019-11-01,NUS-NBX,BRN,999,MBBL,False
2019-11-01,NUS-NCO,COL,7017,MBBL,False
2019-11-01,NUS-NNI,NGA,6330,MBBL,False
2019-11-01,NUS-NMX,MEX,18383,MBBL,False
2019-12-01,NUS-NSA,SAU,14034,MBBL,False
2019-12-01,NUS-ME0,NA,40749,MBBL,True
2019-12-01,NUS-NIZ,IRQ,11957,MBBL,False
2019-12-01,NUS-MP0,NA,27178,MBBL,True
2019-12-01,NUS-NEC,ECU,7196,MBBL,False
2019-12-01,NUS-NTD,TTO,1886,MBBL,False
2019-12-01,NUS-NBH,BLZ,75,MBBL,False
2019-12-01,NUS-NDA,DNK,500,MBBL,False
2019-12-01,NUS-NCM,CMR,561,MBBL,False
2019-12-01,NUS-NPE,PER,258,MBBL,False
2019-12-01,NUS-NKU,KWT,1187,MBBL,False
2019-12-01,NUS-NAG,DZA,144,MBBL,False
2019-12-01,NUS-NAO,AGO,341,MBBL,False
2019-12-01,NUS-MN0,NA,171088,MBBL,True
2019-12-01,NUS-NRS,RUS,5242,MBBL,False
2019-12-01,NUS-NUK,GBR,513,MBBL,False
2019-12-01,NUS-NCA,CAN,128235,MBBL,False
2019-12-01,NUS-NGT,GTM,294,MBBL,False
2019-12-01,NUS-NNO,NOR,495,MBBL,False
2019-12-01,NUS-NLY,LBY,1039,MBBL,False
2019-12-01,NUS-NBR,BRA,3325,MBBL,False
2019-12-01,NUS-Z00,U.S.,211837,MBBL,True
2019-12-01,NUS-NBX,BRN,2981,MBBL,False
2019-12-01,NUS-NCO,COL,9068,MBBL,False
2019-12-01,NUS-NNI,NGA,4851,MBBL,False
2019-12-01,NUS-NEG,EGY,501,MBBL,False
2019-12-01,NUS-NMX,MEX,17154,MBBL,False
2020-01-01,NUS-NSA,SAU,12423,MBBL,False
2020-01-01,NUS-NKZ,KAZ,1047,MBBL,False
2020-01-01,NUS-ME0,NA,27056,MBBL,True
2020-01-01,NUS-NIZ,IRQ,9268,MBBL,False
2020-01-01,NUS-MP0,NA,23055,MBBL,True
2020-01-01,NUS-NEC,ECU,7147,MBBL,False
2020-01-01,NUS-NTD,TTO,879,MBBL,False
2020-01-01,NUS-NCM,CMR,516,MBBL,False
2020-01-01,NUS-NPE,PER,171,MBBL,False
2020-01-01,NUS-NKU,KWT,1364,MBBL,False
2020-01-01,NUS-NAO,AGO,1,MBBL,False
2020-01-01,NUS-MN0,NA,171676,MBBL,True
2020-01-01,NUS-NRS,RUS,2959,MBBL,False
2020-01-01,NUS-NUK,GBR,1005,MBBL,False
2020-01-01,NUS-NCA,CAN,120189,MBBL,False
2020-01-01,NUS-NNO,NOR,20,MBBL,False
2020-01-01,NUS-NLY,LBY,2074,MBBL,False
2020-01-01,NUS-NBR,BRA,2516,MBBL,False
2020-01-01,NUS-Z00,U.S.,198732,MBBL,True
2020-01-01,NUS-NBX,BRN,1488,MBBL,False
2020-01-01,NUS-NGH,GHA,944,MBBL,False
2020-01-01,NUS-NCO,COL,9735,MBBL,False
2020-01-01,NUS-NNI,NGA,1926,MBBL,False
2020-01-01,NUS-NEG,EGY,472,MBBL,False
2020-01-01,NUS-NAR,ARG,268,MBBL,False
2020-01-01,NUS-NMX,MEX,22320,MBBL,False
2020-02-01,NUS-NSA,SAU,13200,MBBL,False
2020-02-01,NUS-ME0,NA,26049,MBBL,True
2020-02-01,NUS-NIZ,IRQ,7588,MBBL,False
2020-02-01,NUS-MP0,NA,22125,MBBL,True
2020-02-01,NUS-NEC,ECU,5565,MBBL,False
2020-02-01,NUS-NTD,TTO,1758,MBBL,False
2020-02-01,NUS-NCM,CMR,928,MBBL,False
2020-02-01,NUS-NKU,KWT,1337,MBBL,False
2020-02-01,NUS-NAO,AGO,951,MBBL,False
2020-02-01,NUS-MN0,NA,163010,MBBL,True
2020-02-01,NUS-NRS,RUS,3308,MBBL,False
2020-02-01,NUS-NGY,GUY,1012,MBBL,False
2020-02-01,NUS-NUK,GBR,781,MBBL,False
2020-02-01,NUS-NCA,CAN,116592,MBBL,False
2020-02-01,NUS-NGT,GTM,281,MBBL,False
2020-02-01,NUS-NLY,LBY,1041,MBBL,False
2020-02-01,NUS-NBR,BRA,3259,MBBL,False
2020-02-01,NUS-Z00,U.S.,189059,MBBL,True
2020-02-01,NUS-NBX,BRN,500,MBBL,False
2020-02-01,NUS-NCO,COL,8477,MBBL,False
2020-02-01,NUS-NNI,NGA,1932,MBBL,False
2020-02-01,NUS-NEG,EGY,212,MBBL,False
2020-02-01,NUS-NMX,MEX,20337,MBBL,False
2020-03-01,NUS-NSA,SAU,13647,MBBL,False
2020-03-01,NUS-NKZ,KAZ,1056,MBBL,False
2020-03-01,NUS-ME0,NA,25012,MBBL,True
2020-03-01,NUS-NIZ,IRQ,8977,MBBL,False
2020-03-01,NUS-MP0,NA,23336,MBBL,True
2020-03-01,NUS-NEC,ECU,7485,MBBL,False
2020-03-01,NUS-NTD,TTO,1536,MBBL,False
2020-03-01,NUS-NCM,CMR,867,MBBL,False
2020-03-01,NUS-NKU,KWT,712,MBBL,False
2020-03-01,NUS-MN0,NA,170169,MBBL,True
2020-03-01,NUS-NRS,RUS,4888,MBBL,False
2020-03-01,NUS-NGY,GUY,607,MBBL,False
2020-03-01,NUS-NUK,GBR,396,MBBL,False
2020-03-01,NUS-NCA,CAN,116747,MBBL,False
2020-03-01,NUS-NNO,NOR,3,MBBL,False
2020-03-01,NUS-NBR,BRA,2004,MBBL,False
2020-03-01,NUS-Z00,U.S.,195181,MBBL,True
2020-03-01,NUS-NBX,BRN,989,MBBL,False
2020-03-01,NUS-NCO,COL,9124,MBBL,False
2020-03-01,NUS-NNI,NGA,1676,MBBL,False
2020-03-01,NUS-NVM,VNM,614,MBBL,False
2020-03-01,NUS-NEG,EGY,325,MBBL,False
2020-03-01,NUS-NMX,MEX,23528,MBBL,False
2020-04-01,NUS-NSA,SAU,12432,MBBL,False
2020-04-01,NUS-NKZ,KAZ,1023,MBBL,False
2020-04-01,NUS-ME0,NA,19230,MBBL,True
2020-04-01,NUS-NIZ,IRQ,4184,MBBL,False
2020-04-01,NUS-MP0,NA,16616,MBBL,True
2020-04-01,NUS-NEC,ECU,4925,MBBL,False
2020-04-01,NUS-NCM,CMR,956,MBBL,False
2020-04-01,NUS-NPM,PAN,622,MBBL,False
2020-04-01,NUS-NPE,PER,339,MBBL,False
2020-04-01,NUS-NAO,AGO,907,MBBL,False
2020-04-01,NUS-MN0,NA,146356,MBBL,True
2020-04-01,NUS-NRS,RUS,396,MBBL,False
2020-04-01,NUS-NGY,GUY,1281,MBBL,False
2020-04-01,NUS-NUK,GBR,655,MBBL,False
2020-04-01,NUS-NCA,CAN,107885,MBBL,False
2020-04-01,NUS-NGT,GTM,268,MBBL,False
2020-04-01,NUS-NNO,NOR,240,MBBL,False
2020-04-01,NUS-NBR,BRA,2685,MBBL,False
2020-04-01,NUS-Z00,U.S.,165586,MBBL,True
2020-04-01,NUS-NCO,COL,7245,MBBL,False
2020-04-01,NUS-NNI,NGA,1707,MBBL,False
2020-04-01,NUS-NEG,EGY,4,MBBL,False
2020-04-01,NUS-NAR,ARG,724,MBBL,False
2020-04-01,NUS-NMX,MEX,17108,MBBL,False
2020-05-01,NUS-NSA,SAU,35672,MBBL,False
2020-05-01,NUS-ME0,NA,46849,MBBL,True
2020-05-01,NUS-NIZ,IRQ,7491,MBBL,False
2020-05-01,NUS-MP0,NA,43163,MBBL,True
2020-05-01,NUS-NEC,ECU,1806,MBBL,False
2020-05-01,NUS-NIT,ITA,346,MBBL,False
2020-05-01,NUS-NTD,TTO,1025,MBBL,False
2020-05-01,NUS-NCM,CMR,915,MBBL,False
2020-05-01,NUS-NPE,PER,728,MBBL,False
2020-05-01,NUS-NAO,AGO,1562,MBBL,False
2020-05-01,NUS-MN0,NA,141844,MBBL,True
2020-05-01,NUS-NRS,RUS,131,MBBL,False
2020-05-01,NUS-NGY,GUY,625,MBBL,False
2020-05-01,NUS-NUK,GBR,1173,MBBL,False
2020-05-01,NUS-NCA,CAN,100133,MBBL,False
2020-05-01,NUS-NNO,NOR,299,MBBL,False
2020-05-01,NUS-NBR,BRA,927,MBBL,False
2020-05-01,NUS-Z00,U.S.,188693,MBBL,True
2020-05-01,NUS-NGH,GHA,1381,MBBL,False
2020-05-01,NUS-NCO,COL,6517,MBBL,False
2020-05-01,NUS-NNI,NGA,2124,MBBL,False
2020-05-01,NUS-NEG,EGY,1,MBBL,False
2020-05-01,NUS-NAR,ARG,1382,MBBL,False
2020-05-01,NUS-NMX,MEX,24455,MBBL,False
2020-06-01,NUS-NSA,SAU,36169,MBBL,False
2020-06-01,NUS-ME0,NA,46455,MBBL,True
2020-06-01,NUS-NIZ,IRQ,4371,MBBL,False
2020-06-01,NUS-MP0,NA,41390,MBBL,True
2020-06-01,NUS-NEC,ECU,3354,MBBL,False
2020-06-01,NUS-NTD,TTO,510,MBBL,False
2020-06-01,NUS-NCM,CMR,17,MBBL,False
2020-06-01,NUS-NAO,AGO,1969,MBBL,False
2020-06-01,NUS-MN0,NA,145334,MBBL,True
2020-06-01,NUS-NRS,RUS,2254,MBBL,False
2020-06-01,NUS-NTC,ARE,850,MBBL,False
2020-06-01,NUS-NUK,GBR,629,MBBL,False
2020-06-01,NUS-NCA,CAN,99840,MBBL,False
2020-06-01,NUS-NNO,NOR,1994,MBBL,False
2020-06-01,NUS-NBR,BRA,1509,MBBL,False
2020-06-01,NUS-Z00,U.S.,191789,MBBL,True
2020-06-01,NUS-NBX,BRN,1066,MBBL,False
2020-06-01,NUS-NGH,GHA,744,MBBL,False
2020-06-01,NUS-NCO,COL,9333,MBBL,False
2020-06-01,NUS-NNI,NGA,3096,MBBL,False
2020-06-01,NUS-NEG,EGY,5,MBBL,False
2020-06-01,NUS-NAR,ARG,1047,MBBL,False
2020-06-01,NUS-NMX,MEX,23032,MBBL,False
2020-07-01,NUS-NSA,SAU,19856,MBBL,False
2020-07-01,NUS-NKZ,KAZ,633,MBBL,False
2020-07-01,NUS-ME0,NA,27311,MBBL,True
2020-07-01,NUS-NIZ,IRQ,4227,MBBL,False
2020-07-01,NUS-MP0,NA,26321,MBBL,True
2020-07-01,NUS-NEC,ECU,2883,MBBL,False
2020-07-01,NUS-NTD,TTO,2968,MBBL,False
2020-07-01,NUS-NCM,CMR,269,MBBL,False
2020-07-01,NUS-NPE,PER,321,MBBL,False
2020-07-01,NUS-NKU,KWT,2090,MBBL,False
2020-07-01,NUS-NAO,AGO,230,MBBL,False
2020-07-01,NUS-MN0,NA,155776,MBBL,True
2020-07-01,NUS-NRS,RUS,2064,MBBL,False
2020-07-01,NUS-NGY,GUY,323,MBBL,False
2020-07-01,NUS-NTC,ARE,148,MBBL,False
2020-07-01,NUS-NUK,GBR,758,MBBL,False
2020-07-01,NUS-NCA,CAN,109181,MBBL,False
2020-07-01,NUS-NGT,GTM,282,MBBL,False
2020-07-01,NUS-NNO,NOR,69,MBBL,False
2020-07-01,NUS-NBR,BRA,2143,MBBL,False
2020-07-01,NUS-Z00,U.S.,183087,MBBL,True
2020-07-01,NUS-NBX,BRN,402,MBBL,False
2020-07-01,NUS-NGH,GHA,280,MBBL,False
2020-07-01,NUS-NCO,COL,9437,MBBL,False
2020-07-01,NUS-NNI,NGA,760,MBBL,False
2020-07-01,NUS-NAR,ARG,2958,MBBL,False
2020-07-01,NUS-NMX,MEX,20805,MBBL,False
2020-08-01,NUS-NSA,SAU,8265,MBBL,False
2020-08-01,NUS-NKZ,KAZ,639,MBBL,False
2020-08-01,NUS-ME0,NA,17567,MBBL,True
2020-08-01,NUS-NIZ,IRQ,5994,MBBL,False
2020-08-01,NUS-MP0,NA,14259,MBBL,True
2020-08-01,NUS-NEC,ECU,7163,MBBL,False
2020-08-01,NUS-NTD,TTO,526,MBBL,False
2020-08-01,NUS-NBF,BHS,1007,MBBL,False
2020-08-01,NUS-NCM,CMR,674,MBBL,False
2020-08-01,NUS-NPE,PER,500,MBBL,False
2020-08-01,NUS-NAO,AGO,58,MBBL,False
2020-08-01,NUS-MN0,NA,150360,MBBL,True
2020-08-01,NUS-NRS,RUS,1456,MBBL,False
2020-08-01,NUS-NGY,GUY,951,MBBL,False
2020-08-01,NUS-NUK,GBR,353,MBBL,False
2020-08-01,NUS-NCA,CAN,106192,MBBL,False
2020-08-01,NUS-NGT,GTM,113,MBBL,False
2020-08-01,NUS-NBR,BRA,1396,MBBL,False
2020-08-01,NUS-Z00,U.S.,167927,MBBL,True
2020-08-01,NUS-NGH,GHA,1062,MBBL,False
2020-08-01,NUS-NCO,COL,5168,MBBL,False
2020-08-01,NUS-NNI,NGA,3250,MBBL,False
2020-08-01,NUS-NAR,ARG,3164,MBBL,False
2020-08-01,NUS-NMX,MEX,19996,MBBL,False
2020-09-01,NUS-NSA,SAU,10418,MBBL,False
2020-09-01,NUS-ME0,NA,17464,MBBL,True
2020-09-01,NUS-NIZ,IRQ,2500,MBBL,False
2020-09-01,NUS-MP0,NA,13467,MBBL,True
2020-09-01,NUS-NEC,ECU,5909,MBBL,False
2020-09-01,NUS-NTD,TTO,1516,MBBL,False
2020-09-01,NUS-NCM,CMR,629,MBBL,False
2020-09-01,NUS-NPE,PER,261,MBBL,False
2020-09-01,NUS-NKU,KWT,549,MBBL,False
2020-09-01,NUS-NAO,AGO,951,MBBL,False
2020-09-01,NUS-MN0,NA,144462,MBBL,True
2020-09-01,NUS-NRS,RUS,2572,MBBL,False
2020-09-01,NUS-NUK,GBR,401,MBBL,False
2020-09-01,NUS-NCA,CAN,103209,MBBL,False
2020-09-01,NUS-NGT,GTM,169,MBBL,False
2020-09-01,NUS-NCF,COG,948,MBBL,False
2020-09-01,NUS-NBR,BRA,1031,MBBL,False
2020-09-01,NUS-Z00,U.S.,161926,MBBL,True
2020-09-01,NUS-NGH,GHA,758,MBBL,False
2020-09-01,NUS-NCO,COL,9191,MBBL,False
2020-09-01,NUS-NNI,NGA,2098,MBBL,False
2020-09-01,NUS-NAR,ARG,1667,MBBL,False
2020-09-01,NUS-NMX,MEX,17149,MBBL,False
2020-10-01,NUS-NSA,SAU,8544,MBBL,False
2020-10-01,NUS-ME0,NA,17618,MBBL,True
2020-10-01,NUS-NIZ,IRQ,3737,MBBL,False
2020-10-01,NUS-MP0,NA,14003,MBBL,True
2020-10-01,NUS-NEC,ECU,4772,MBBL,False
2020-10-01,NUS-NTD,TTO,1065,MBBL,False
2020-10-01,NUS-NCM,CMR,699,MBBL,False
2020-10-01,NUS-NKU,KWT,774,MBBL,False
2020-10-01,NUS-NAO,AGO,2047,MBBL,False
2020-10-01,NUS-MN0,NA,146470,MBBL,True
2020-10-01,NUS-NRS,RUS,4501,MBBL,False
2020-10-01,NUS-NGY,GUY,1046,MBBL,False
2020-10-01,NUS-NTC,ARE,948,MBBL,False
2020-10-01,NUS-NUK,GBR,1390,MBBL,False
2020-10-01,NUS-NCA,CAN,106294,MBBL,False
2020-10-01,NUS-NCF,COG,950,MBBL,False
2020-10-01,NUS-NNO,NOR,1048,MBBL,False
2020-10-01,NUS-NBR,BRA,2484,MBBL,False
2020-10-01,NUS-Z00,U.S.,164088,MBBL,True
2020-10-01,NUS-NBX,BRN,984,MBBL,False
2020-10-01,NUS-NGH,GHA,653,MBBL,False
2020-10-01,NUS-NCO,COL,6077,MBBL,False
2020-10-01,NUS-NNI,NGA,618,MBBL,False
2020-10-01,NUS-NAR,ARG,838,MBBL,False
2020-10-01,NUS-NMX,MEX,14619,MBBL,False
2020-11-01,NUS-NSA,SAU,8182,MBBL,False
2020-11-01,NUS-NKZ,KAZ,1454,MBBL,False
2020-11-01,NUS-ME0,NA,17200,MBBL,True
2020-11-01,NUS-NIZ,IRQ,3315,MBBL,False
2020-11-01,NUS-MP0,NA,12217,MBBL,True
2020-11-01,NUS-NEC,ECU,5713,MBBL,False
2020-11-01,NUS-NTD,TTO,1037,MBBL,False
2020-11-01,NUS-NKU,KWT,720,MBBL,False
2020-11-01,NUS-NAG,DZA,557,MBBL,False
2020-11-01,NUS-NAO,AGO,1148,MBBL,False
2020-11-01,NUS-MN0,NA,149907,MBBL,True
2020-11-01,NUS-NRS,RUS,1722,MBBL,False
2020-11-01,NUS-NGY,GUY,999,MBBL,False
2020-11-01,NUS-NUK,GBR,739,MBBL,False
2020-11-01,NUS-NCA,CAN,111429,MBBL,False
2020-11-01,NUS-NNO,NOR,791,MBBL,False
2020-11-01,NUS-NBR,BRA,3808,MBBL,False
2020-11-01,NUS-Z00,U.S.,167107,MBBL,True
2020-11-01,NUS-NGH,GHA,1055,MBBL,False
2020-11-01,NUS-NCO,COL,4439,MBBL,False
2020-11-01,NUS-NNI,NGA,3278,MBBL,False
2020-11-01,NUS-NAR,ARG,361,MBBL,False
2020-11-01,NUS-NMX,MEX,16360,MBBL,False
2020-12-01,NUS-NSA,SAU,3447,MBBL,False
2020-12-01,NUS-NSS,NA,954,MBBL,False
2020-12-01,NUS-NKZ,KAZ,511,MBBL,False
2020-12-01,NUS-ME0,NA,10426,MBBL,True
2020-12-01,NUS-NIZ,IRQ,2762,MBBL,False
2020-12-01,NUS-MP0,NA,6209,MBBL,True
2020-12-01,NUS-NEC,ECU,5068,MBBL,False
2020-12-01,NUS-NTD,TTO,1068,MBBL,False
2020-12-01,NUS-NCM,CMR,488,MBBL,False
2020-12-01,NUS-NAG,DZA,1888,MBBL,False
2020-12-01,NUS-NAO,AGO,372,MBBL,False
2020-12-01,NUS-MN0,NA,166666,MBBL,True
2020-12-01,NUS-NRS,RUS,1418,MBBL,False
2020-12-01,NUS-NGY,GUY,3109,MBBL,False
2020-12-01,NUS-NUK,GBR,1951,MBBL,False
2020-12-01,NUS-NCA,CAN,118363,MBBL,False
2020-12-01,NUS-NGT,GTM,288,MBBL,False
2020-12-01,NUS-NNO,NOR,603,MBBL,False
2020-12-01,NUS-NBR,BRA,4458,MBBL,False
2020-12-01,NUS-Z00,U.S.,177092,MBBL,True
2020-12-01,NUS-NGH,GHA,1985,MBBL,False
2020-12-01,NUS-NCO,COL,5983,MBBL,False
2020-12-01,NUS-NNI,NGA,1957,MBBL,False
2020-12-01,NUS-NMX,MEX,20419,MBBL,False
2021-01-01,NUS-NSA,SAU,6407,MBBL,False
2021-01-01,NUS-NKZ,KAZ,455,MBBL,False
2021-01-01,NUS-ME0,NA,15817,MBBL,True
2021-01-01,NUS-NIZ,IRQ,2771,MBBL,False
2021-01-01,NUS-MP0,NA,9178,MBBL,True
2021-01-01,NUS-NEC,ECU,4721,MBBL,False
2021-01-01,NUS-NTD,TTO,1527,MBBL,False
2021-01-01,NUS-NPE,PER,105,MBBL,False
2021-01-01,NUS-NAG,DZA,736,MBBL,False
2021-01-01,NUS-NAO,AGO,917,MBBL,False
2021-01-01,NUS-MN0,NA,163571,MBBL,True
2021-01-01,NUS-NRS,RUS,3149,MBBL,False
2021-01-01,NUS-NGY,GUY,1864,MBBL,False
2021-01-01,NUS-NUK,GBR,635,MBBL,False
2021-01-01,NUS-NCA,CAN,119028,MBBL,False
2021-01-01,NUS-NNO,NOR,956,MBBL,False
2021-01-01,NUS-NLY,LBY,1036,MBBL,False
2021-01-01,NUS-NBR,BRA,3408,MBBL,False
2021-01-01,NUS-Z00,U.S.,179388,MBBL,True
2021-01-01,NUS-NBX,BRN,1007,MBBL,False
2021-01-01,NUS-NGH,GHA,1670,MBBL,False
2021-01-01,NUS-NCO,COL,5481,MBBL,False
2021-01-01,NUS-NNI,NGA,3950,MBBL,False
2021-01-01,NUS-NMX,MEX,19565,MBBL,False
2021-02-01,NUS-NSA,SAU,7226,MBBL,False
2021-02-01,NUS-ME0,NA,17763,MBBL,True
2021-02-01,NUS-NIZ,IRQ,3381,MBBL,False
2021-02-01,NUS-MP0,NA,11256,MBBL,True
2021-02-01,NUS-NEC,ECU,3108,MBBL,False
2021-02-01,NUS-NTD,TTO,1063,MBBL,False
2021-02-01,NUS-NKU,KWT,649,MBBL,False
2021-02-01,NUS-NAG,DZA,1400,MBBL,False
2021-02-01,NUS-NAO,AGO,409,MBBL,False
2021-02-01,NUS-MN0,NA,138740,MBBL,True
2021-02-01,NUS-NRS,RUS,1555,MBBL,False
2021-02-01,NUS-NGY,GUY,3493,MBBL,False
2021-02-01,NUS-NUK,GBR,802,MBBL,False
2021-02-01,NUS-NCA,CAN,100923,MBBL,False
2021-02-01,NUS-NNO,NOR,1165,MBBL,False
2021-02-01,NUS-NLY,LBY,3405,MBBL,False
2021-02-01,NUS-NBR,BRA,1325,MBBL,False
2021-02-01,NUS-Z00,U.S.,156503,MBBL,True
2021-02-01,NUS-NGH,GHA,2975,MBBL,False
2021-02-01,NUS-NCO,COL,6299,MBBL,False
2021-02-01,NUS-NNI,NGA,1293,MBBL,False
2021-02-01,NUS-NAR,ARG,1071,MBBL,False
2021-02-01,NUS-NMX,MEX,14961,MBBL,False
2021-03-01,NUS-NSA,SAU,9583,MBBL,False
2021-03-01,NUS-NKZ,KAZ,301,MBBL,False
2021-03-01,NUS-ME0,NA,21828,MBBL,True
2021-03-01,NUS-NIZ,IRQ,4188,MBBL,False
2021-03-01,NUS-MP0,NA,15804,MBBL,True
2021-03-01,NUS-NEC,ECU,4354,MBBL,False
2021-03-01,NUS-NTD,TTO,1029,MBBL,False
2021-03-01,NUS-NAG,DZA,937,MBBL,False
2021-03-01,NUS-NAO,AGO,1610,MBBL,False
2021-03-01,NUS-MN0,NA,158568,MBBL,True
2021-03-01,NUS-NRS,RUS,6100,MBBL,False
2021-03-01,NUS-NGY,GUY,857,MBBL,False
2021-03-01,NUS-NUK,GBR,2389,MBBL,False
2021-03-01,NUS-NCA,CAN,119118,MBBL,False
2021-03-01,NUS-NIR,IRN,2033,MBBL,False
2021-03-01,NUS-NGT,GTM,282,MBBL,False
2021-03-01,NUS-NNO,NOR,1496,MBBL,False
2021-03-01,NUS-NLY,LBY,622,MBBL,False
2021-03-01,NUS-NBR,BRA,2007,MBBL,False
2021-03-01,NUS-Z00,U.S.,180396,MBBL,True
2021-03-01,NUS-NBX,BRN,492,MBBL,False
2021-03-01,NUS-NGH,GHA,634,MBBL,False
2021-03-01,NUS-NCO,COL,4130,MBBL,False
2021-03-01,NUS-NNI,NGA,2855,MBBL,False
2021-03-01,NUS-NAR,ARG,438,MBBL,False
2021-03-01,NUS-NMX,MEX,14941,MBBL,False
2021-04-01,NUS-NSA,SAU,8741,MBBL,False
2021-04-01,NUS-NKZ,KAZ,751,MBBL,False
2021-04-01,NUS-ME0,NA,25448,MBBL,True
2021-04-01,NUS-NIZ,IRQ,5244,MBBL,False
2021-04-01,NUS-MP0,NA,15834,MBBL,True
2021-04-01,NUS-NEC,ECU,7153,MBBL,False
2021-04-01,NUS-NTD,TTO,1091,MBBL,False
2021-04-01,NUS-NPE,PER,224,MBBL,False
2021-04-01,NUS-NKU,KWT,1849,MBBL,False
2021-04-01,NUS-NAG,DZA,2039,MBBL,False
2021-04-01,NUS-NAO,AGO,629,MBBL,False
2021-04-01,NUS-MN0,NA,149115,MBBL,True
2021-04-01,NUS-NRS,RUS,5467,MBBL,False
2021-04-01,NUS-NGY,GUY,2004,MBBL,False
2021-04-01,NUS-NUK,GBR,1106,MBBL,False
2021-04-01,NUS-NCA,CAN,104155,MBBL,False
2021-04-01,NUS-NNO,NOR,1391,MBBL,False
2021-04-01,NUS-NLY,LBY,3645,MBBL,False
2021-04-01,NUS-Z00,U.S.,174563,MBBL,True
2021-04-01,NUS-NBX,BRN,496,MBBL,False
2021-04-01,NUS-NGH,GHA,371,MBBL,False
2021-04-01,NUS-NCO,COL,6568,MBBL,False
2021-04-01,NUS-NNI,NGA,3301,MBBL,False
2021-04-01,NUS-NAR,ARG,505,MBBL,False
2021-04-01,NUS-NMX,MEX,17833,MBBL,False
2021-05-01,NUS-NSA,SAU,7904,MBBL,False
2021-05-01,NUS-NKZ,KAZ,674,MBBL,False
2021-05-01,NUS-ME0,NA,21262,MBBL,True
2021-05-01,NUS-NIZ,IRQ,5011,MBBL,False
2021-05-01,NUS-MP0,NA,12915,MBBL,True
2021-05-01,NUS-NEC,ECU,5621,MBBL,False
2021-05-01,NUS-NTD,TTO,1099,MBBL,False
2021-05-01,NUS-NPE,PER,361,MBBL,False
2021-05-01,NUS-NAG,DZA,205,MBBL,False
2021-05-01,NUS-NAO,AGO,1296,MBBL,False
2021-05-01,NUS-MN0,NA,159392,MBBL,True
2021-05-01,NUS-NRS,RUS,8598,MBBL,False
2021-05-01,NUS-NGY,GUY,3017,MBBL,False
2021-05-01,NUS-NCA,CAN,109857,MBBL,False
2021-05-01,NUS-NNO,NOR,1713,MBBL,False
2021-05-01,NUS-NLY,LBY,3622,MBBL,False
2021-05-01,NUS-NBR,BRA,956,MBBL,False
2021-05-01,NUS-Z00,U.S.,180654,MBBL,True
2021-05-01,NUS-NBX,BRN,923,MBBL,False
2021-05-01,NUS-NGH,GHA,1119,MBBL,False
2021-05-01,NUS-NCO,COL,6388,MBBL,False
2021-05-01,NUS-NNI,NGA,3224,MBBL,False
2021-05-01,NUS-NAR,ARG,475,MBBL,False
2021-05-01,NUS-NMX,MEX,18591,MBBL,False
2021-06-01,NUS-NSA,SAU,13075,MBBL,False
2021-06-01,NUS-NKZ,KAZ,713,MBBL,False
2021-06-01,NUS-ME0,NA,27976,MBBL,True
2021-06-01,NUS-NIZ,IRQ,5401,MBBL,False
2021-06-01,NUS-MP0,NA,18476,MBBL,True
2021-06-01,NUS-NEC,ECU,3552,MBBL,False
2021-06-01,NUS-NTD,TTO,886,MBBL,False
2021-06-01,NUS-NPE,PER,346,MBBL,False
2021-06-01,NUS-NAG,DZA,215,MBBL,False
2021-06-01,NUS-NAO,AGO,741,MBBL,False
2021-06-01,NUS-MN0,NA,170231,MBBL,True
2021-06-01,NUS-NRS,RUS,8466,MBBL,False
2021-06-01,NUS-NGY,GUY,1224,MBBL,False
2021-06-01,NUS-NUK,GBR,2503,MBBL,False
2021-06-01,NUS-NCA,CAN,120646,MBBL,False
2021-06-01,NUS-NGT,GTM,280,MBBL,False
2021-06-01,NUS-NNO,NOR,721,MBBL,False
2021-06-01,NUS-NLY,LBY,3101,MBBL,False
2021-06-01,NUS-NBR,BRA,3274,MBBL,False
2021-06-01,NUS-Z00,U.S.,198207,MBBL,True
2021-06-01,NUS-NGH,GHA,1352,MBBL,False
2021-06-01,NUS-NCO,COL,5265,MBBL,False
2021-06-01,NUS-NNI,NGA,5443,MBBL,False
2021-06-01,NUS-NAR,ARG,580,MBBL,False
2021-06-01,NUS-NMX,MEX,20423,MBBL,False
2021-07-01,NUS-NSA,SAU,10476,MBBL,False
2021-07-01,NUS-NKZ,KAZ,710,MBBL,False
2021-07-01,NUS-ME0,NA,28535,MBBL,True
2021-07-01,NUS-NIZ,IRQ,6823,MBBL,False
2021-07-01,NUS-MP0,NA,19492,MBBL,True
2021-07-01,NUS-NEC,ECU,3296,MBBL,False
2021-07-01,NUS-NTD,TTO,1398,MBBL,False
2021-07-01,NUS-NKU,KWT,1146,MBBL,False
2021-07-01,NUS-NAG,DZA,386,MBBL,False
2021-07-01,NUS-NAO,AGO,1449,MBBL,False
2021-07-01,NUS-MN0,NA,169807,MBBL,True
2021-07-01,NUS-NRS,RUS,8748,MBBL,False
2021-07-01,NUS-NGY,GUY,2752,MBBL,False
2021-07-01,NUS-NTC,ARE,1047,MBBL,False
2021-07-01,NUS-NUK,GBR,1869,MBBL,False
2021-07-01,NUS-NCA,CAN,113883,MBBL,False
2021-07-01,NUS-NNO,NOR,1860,MBBL,False
2021-07-01,NUS-NLY,LBY,2929,MBBL,False
2021-07-01,NUS-NBR,BRA,5396,MBBL,False
2021-07-01,NUS-Z00,U.S.,198342,MBBL,True
2021-07-01,NUS-NBX,BRN,1444,MBBL,False
2021-07-01,NUS-NGH,GHA,1950,MBBL,False
2021-07-01,NUS-NCO,COL,4472,MBBL,False
2021-07-01,NUS-NNI,NGA,4279,MBBL,False
2021-07-01,NUS-NAR,ARG,1230,MBBL,False
2021-07-01,NUS-NMX,MEX,20799,MBBL,False
2021-08-01,NUS-NSA,SAU,11070,MBBL,False
2021-08-01,NUS-ME0,NA,25643,MBBL,True
2021-08-01,NUS-NIZ,IRQ,4062,MBBL,False
2021-08-01,NUS-MP0,NA,16826,MBBL,True
2021-08-01,NUS-NEC,ECU,4944,MBBL,False
2021-08-01,NUS-NTD,TTO,1492,MBBL,False
2021-08-01,NUS-NCM,CMR,1335,MBBL,False
2021-08-01,NUS-NKU,KWT,747,MBBL,False
2021-08-01,NUS-NAO,AGO,1680,MBBL,False
2021-08-01,NUS-MN0,NA,167688,MBBL,True
2021-08-01,NUS-NRS,RUS,9636,MBBL,False
2021-08-01,NUS-NGY,GUY,1993,MBBL,False
2021-08-01,NUS-NTC,ARE,947,MBBL,False
2021-08-01,NUS-NUK,GBR,2056,MBBL,False
2021-08-01,NUS-NCA,CAN,113864,MBBL,False
2021-08-01,NUS-NNO,NOR,748,MBBL,False
2021-08-01,NUS-NLY,LBY,3511,MBBL,False
2021-08-01,NUS-NBR,BRA,4135,MBBL,False
2021-08-01,NUS-Z00,U.S.,193331,MBBL,True
2021-08-01,NUS-NBX,BRN,508,MBBL,False
2021-08-01,NUS-NGH,GHA,1838,MBBL,False
2021-08-01,NUS-NCO,COL,5354,MBBL,False
2021-08-01,NUS-NNI,NGA,3626,MBBL,False
2021-08-01,NUS-NAR,ARG,931,MBBL,False
2021-08-01,NUS-NMX,MEX,18854,MBBL,False
2021-09-01,NUS-NSA,SAU,14736,MBBL,False
2021-09-01,NUS-NKZ,KAZ,790,MBBL,False
2021-09-01,NUS-ME0,NA,25798,MBBL,True
2021-09-01,NUS-NIZ,IRQ,858,MBBL,False
2021-09-01,NUS-MP0,NA,19032,MBBL,True
2021-09-01,NUS-NEC,ECU,3996,MBBL,False
2021-09-01,NUS-NTD,TTO,1869,MBBL,False
2021-09-01,NUS-NCM,CMR,140,MBBL,False
2021-09-01,NUS-NPE,PER,114,MBBL,False
2021-09-01,NUS-NKU,KWT,1377,MBBL,False
2021-09-01,NUS-NAO,AGO,855,MBBL,False
2021-09-01,NUS-MN0,NA,169957,MBBL,True
2021-09-01,NUS-NRS,RUS,6254,MBBL,False
2021-09-01,NUS-NGY,GUY,5288,MBBL,False
2021-09-01,NUS-NTC,ARE,2061,MBBL,False
2021-09-01,NUS-NUK,GBR,805,MBBL,False
2021-09-01,NUS-NCA,CAN,113339,MBBL,False
2021-09-01,NUS-NGT,GTM,281,MBBL,False
2021-09-01,NUS-NNO,NOR,1113,MBBL,False
2021-09-01,NUS-NLY,LBY,2888,MBBL,False
2021-09-01,NUS-NBR,BRA,6279,MBBL,False
2021-09-01,NUS-Z00,U.S.,195755,MBBL,True
2021-09-01,NUS-NBX,BRN,2308,MBBL,False
2021-09-01,NUS-NGH,GHA,1825,MBBL,False
2021-09-01,NUS-NCO,COL,3758,MBBL,False
2021-09-01,NUS-NNI,NGA,3023,MBBL,False
2021-09-01,NUS-NAR,ARG,1659,MBBL,False
2021-09-01,NUS-NMX,MEX,20139,MBBL,False
2021-10-01,NUS-NSA,SAU,10958,MBBL,False
2021-10-01,NUS-NKZ,KAZ,220,MBBL,False
2021-10-01,NUS-ME0,NA,25651,MBBL,True
2021-10-01,NUS-NIZ,IRQ,5743,MBBL,False
2021-10-01,NUS-MP0,NA,18456,MBBL,True
2021-10-01,NUS-NEC,ECU,3446,MBBL,False
2021-10-01,NUS-NTD,TTO,1060,MBBL,False
2021-10-01,NUS-NCM,CMR,125,MBBL,False
2021-10-01,NUS-NPE,PER,985,MBBL,False
2021-10-01,NUS-NKU,KWT,728,MBBL,False
2021-10-01,NUS-NAO,AGO,740,MBBL,False
2021-10-01,NUS-MN0,NA,159461,MBBL,True
2021-10-01,NUS-NRS,RUS,6383,MBBL,False
2021-10-01,NUS-NGY,GUY,1974,MBBL,False
2021-10-01,NUS-NTC,ARE,1027,MBBL,False
2021-10-01,NUS-NUK,GBR,1870,MBBL,False
2021-10-01,NUS-NCA,CAN,112440,MBBL,False
2021-10-01,NUS-NNO,NOR,1992,MBBL,False
2021-10-01,NUS-NLY,LBY,3764,MBBL,False
2021-10-01,NUS-NBR,BRA,3810,MBBL,False
2021-10-01,NUS-Z00,U.S.,185112,MBBL,True
2021-10-01,NUS-NBX,BRN,990,MBBL,False
2021-10-01,NUS-NGH,GHA,1956,MBBL,False
2021-10-01,NUS-NCO,COL,5626,MBBL,False
2021-10-01,NUS-NNI,NGA,2691,MBBL,False
2021-10-01,NUS-NAR,ARG,389,MBBL,False
2021-10-01,NUS-NMX,MEX,16195,MBBL,False
2021-11-01,NUS-NSA,SAU,15261,MBBL,False
2021-11-01,NUS-NKZ,KAZ,821,MBBL,False
2021-11-01,NUS-ME0,NA,27639,MBBL,True
2021-11-01,NUS-NIZ,IRQ,4951,MBBL,False
2021-11-01,NUS-MP0,NA,20951,MBBL,True
2021-11-01,NUS-NEC,ECU,3524,MBBL,False
2021-11-01,NUS-NTD,TTO,1003,MBBL,False
2021-11-01,NUS-NPE,PER,919,MBBL,False
2021-11-01,NUS-NKU,KWT,739,MBBL,False
2021-11-01,NUS-NAG,DZA,631,MBBL,False
2021-11-01,NUS-NAO,AGO,1282,MBBL,False
2021-11-01,NUS-MN0,NA,162371,MBBL,True
2021-11-01,NUS-NRS,RUS,5460,MBBL,False
2021-11-01,NUS-NGY,GUY,3262,MBBL,False
2021-11-01,NUS-NCA,CAN,118142,MBBL,False
2021-11-01,NUS-NNO,NOR,1851,MBBL,False
2021-11-01,NUS-NLY,LBY,2470,MBBL,False
2021-11-01,NUS-NBR,BRA,4595,MBBL,False
2021-11-01,NUS-Z00,U.S.,190010,MBBL,True
2021-11-01,NUS-NBX,BRN,992,MBBL,False
2021-11-01,NUS-NGH,GHA,13,MBBL,False
2021-11-01,NUS-NCO,COL,5664,MBBL,False
2021-11-01,NUS-NNI,NGA,2305,MBBL,False
2021-11-01,NUS-NAR,ARG,948,MBBL,False
2021-11-01,NUS-NMX,MEX,15177,MBBL,False
2021-12-01,NUS-NSA,SAU,14632,MBBL,False
2021-12-01,NUS-NKZ,KAZ,1313,MBBL,False
2021-12-01,NUS-ME0,NA,28090,MBBL,True
2021-12-01,NUS-NIZ,IRQ,6927,MBBL,False
2021-12-01,NUS-MP0,NA,22916,MBBL,True
2021-12-01,NUS-NEC,ECU,6303,MBBL,False
2021-12-01,NUS-NTD,TTO,861,MBBL,False
2021-12-01,NUS-NKU,KWT,360,MBBL,False
2021-12-01,NUS-NAO,AGO,50,MBBL,False
2021-12-01,NUS-MN0,NA,171199,MBBL,True
2021-12-01,NUS-NRS,RUS,2792,MBBL,False
2021-12-01,NUS-NTC,ARE,997,MBBL,False
2021-12-01,NUS-NUK,GBR,913,MBBL,False
2021-12-01,NUS-NCA,CAN,126855,MBBL,False
2021-12-01,NUS-NGT,GTM,281,MBBL,False
2021-12-01,NUS-NNO,NOR,2650,MBBL,False
2021-12-01,NUS-NLY,LBY,1702,MBBL,False
2021-12-01,NUS-NBR,BRA,2619,MBBL,False
2021-12-01,NUS-Z00,U.S.,199289,MBBL,True
2021-12-01,NUS-NGH,GHA,2876,MBBL,False
2021-12-01,NUS-NCO,COL,6576,MBBL,False
2021-12-01,NUS-NNI,NGA,3422,MBBL,False
2021-12-01,NUS-NAR,ARG,1904,MBBL,False
2021-12-01,NUS-NMX,MEX,15256,MBBL,False
2022-01-01,NUS-NSA,SAU,15029,MBBL,False
2022-01-01,NUS-NKZ,KAZ,1803,MBBL,False
2022-01-01,NUS-ME0,NA,30890,MBBL,True
2022-01-01,NUS-NIZ,IRQ,7860,MBBL,False
2022-01-01,NUS-MP0,NA,25750,MBBL,True
2022-01-01,NUS-NEC,ECU,2452,MBBL,False
2022-01-01,NUS-NTD,TTO,2458,MBBL,False
2022-01-01,NUS-NPE,PER,251,MBBL,False
2022-01-01,NUS-NKU,KWT,1428,MBBL,False
2022-01-01,NUS-NAO,AGO,1911,MBBL,False
2022-01-01,NUS-MN0,NA,167425,MBBL,True
2022-01-01,NUS-NRS,RUS,138,MBBL,False
2022-01-01,NUS-NGY,GUY,3040,MBBL,False
2022-01-01,NUS-NTC,ARE,926,MBBL,False
2022-01-01,NUS-NUK,GBR,1075,MBBL,False
2022-01-01,NUS-NCA,CAN,122308,MBBL,False
2022-01-01,NUS-NIR,IRN,507,MBBL,False
2022-01-01,NUS-NNO,NOR,963,MBBL,False
2022-01-01,NUS-NLY,LBY,2345,MBBL,False
2022-01-01,NUS-NBR,BRA,3032,MBBL,False
2022-01-01,NUS-Z00,U.S.,198315,MBBL,True
2022-01-01,NUS-NGH,GHA,2482,MBBL,False
2022-01-01,NUS-NCO,COL,6019,MBBL,False
2022-01-01,NUS-NNI,NGA,884,MBBL,False
2022-01-01,NUS-NAR,ARG,2121,MBBL,False
2022-01-01,NUS-NMX,MEX,19283,MBBL,False
2022-02-01,NUS-NSA,SAU,12410,MBBL,False
2022-02-01,NUS-NKZ,KAZ,767,MBBL,False
2022-02-01,NUS-ME0,NA,26478,MBBL,True
2022-02-01,NUS-NIZ,IRQ,6586,MBBL,False
2022-02-01,NUS-MP0,NA,19372,MBBL,True
2022-02-01,NUS-NEC,ECU,3435,MBBL,False
2022-02-01,NUS-NTD,TTO,1023,MBBL,False
2022-02-01,NUS-NPE,PER,536,MBBL,False
2022-02-01,NUS-NKU,KWT,376,MBBL,False
2022-02-01,NUS-NAO,AGO,1893,MBBL,False
2022-02-01,NUS-MN0,NA,145994,MBBL,True
2022-02-01,NUS-NRS,RUS,2325,MBBL,False
2022-02-01,NUS-NGY,GUY,1821,MBBL,False
2022-02-01,NUS-NUK,GBR,399,MBBL,False
2022-02-01,NUS-NCA,CAN,107246,MBBL,False
2022-02-01,NUS-NNO,NOR,532,MBBL,False
2022-02-01,NUS-NLY,LBY,2185,MBBL,False
2022-02-01,NUS-NBR,BRA,3821,MBBL,False
2022-02-01,NUS-Z00,U.S.,172472,MBBL,True
2022-02-01,NUS-NGH,GHA,1091,MBBL,False
2022-02-01,NUS-NCO,COL,6390,MBBL,False
2022-02-01,NUS-NNI,NGA,3028,MBBL,False
2022-02-01,NUS-NAR,ARG,559,MBBL,False
2022-02-01,NUS-NMX,MEX,16049,MBBL,False
2022-03-01,NUS-NSA,SAU,15624,MBBL,False
2022-03-01,NUS-ME0,NA,26723,MBBL,True
2022-03-01,NUS-NIZ,IRQ,5791,MBBL,False
2022-03-01,NUS-MP0,NA,21784,MBBL,True
2022-03-01,NUS-NEC,ECU,3391,MBBL,False
2022-03-01,NUS-NTD,TTO,900,MBBL,False
2022-03-01,NUS-NPE,PER,259,MBBL,False
2022-03-01,NUS-NKU,KWT,369,MBBL,False
2022-03-01,NUS-NAO,AGO,899,MBBL,False
2022-03-01,NUS-MN0,NA,172201,MBBL,True
2022-03-01,NUS-NRS,RUS,4218,MBBL,False
2022-03-01,NUS-NGY,GUY,2020,MBBL,False
2022-03-01,NUS-NUK,GBR,924,MBBL,False
2022-03-01,NUS-NCA,CAN,125301,MBBL,False
2022-03-01,NUS-NNO,NOR,588,MBBL,False
2022-03-01,NUS-NLY,LBY,2992,MBBL,False
2022-03-01,NUS-NBR,BRA,3385,MBBL,False
2022-03-01,NUS-Z00,U.S.,198924,MBBL,True
2022-03-01,NUS-NGH,GHA,1851,MBBL,False
2022-03-01,NUS-NCO,COL,7048,MBBL,False
2022-03-01,NUS-NNI,NGA,1048,MBBL,False
2022-03-01,NUS-NAR,ARG,1951,MBBL,False
2022-03-01,NUS-NMX,MEX,20365,MBBL,False
2022-04-01,NUS-NSA,SAU,12397,MBBL,False
2022-04-01,NUS-NKZ,KAZ,713,MBBL,False
2022-04-01,NUS-ME0,NA,26726,MBBL,True
2022-04-01,NUS-NIZ,IRQ,6541,MBBL,False
2022-04-01,NUS-MP0,NA,21451,MBBL,True
2022-04-01,NUS-NEC,ECU,3952,MBBL,False
2022-04-01,NUS-NTD,TTO,2085,MBBL,False
2022-04-01,NUS-NPE,PER,73,MBBL,False
2022-04-01,NUS-NKU,KWT,781,MBBL,False
2022-04-01,NUS-NAO,AGO,581,MBBL,False
2022-04-01,NUS-MN0,NA,155061,MBBL,True
2022-04-01,NUS-NRS,RUS,709,MBBL,False
2022-04-01,NUS-NGY,GUY,1151,MBBL,False
2022-04-01,NUS-NTC,ARE,1732,MBBL,False
2022-04-01,NUS-NUK,GBR,397,MBBL,False
2022-04-01,NUS-NCA,CAN,110477,MBBL,False
2022-04-01,NUS-NGT,GTM,295,MBBL,False
2022-04-01,NUS-NNO,NOR,1327,MBBL,False
2022-04-01,NUS-NLY,LBY,2452,MBBL,False
2022-04-01,NUS-NBR,BRA,3420,MBBL,False
2022-04-01,NUS-Z00,U.S.,181787,MBBL,True
2022-04-01,NUS-NGH,GHA,2235,MBBL,False
2022-04-01,NUS-NCO,COL,7774,MBBL,False
2022-04-01,NUS-NNI,NGA,2242,MBBL,False
2022-04-01,NUS-NAR,ARG,2491,MBBL,False
2022-04-01,NUS-NMX,MEX,17962,MBBL,False
2022-05-01,NUS-NSA,SAU,12759,MBBL,False
2022-05-01,NUS-NKZ,KAZ,744,MBBL,False
2022-05-01,NUS-ME0,NA,28367,MBBL,True
2022-05-01,NUS-NIZ,IRQ,7259,MBBL,False
2022-05-01,NUS-MP0,NA,20774,MBBL,True
2022-05-01,NUS-NEC,ECU,5809,MBBL,False
2022-05-01,NUS-NTD,TTO,877,MBBL,False
2022-05-01,NUS-NKU,KWT,756,MBBL,False
2022-05-01,NUS-NAO,AGO,1013,MBBL,False
2022-05-01,NUS-MN0,NA,162705,MBBL,True
2022-05-01,NUS-NGY,GUY,1423,MBBL,False
2022-05-01,NUS-NUK,GBR,907,MBBL,False
2022-05-01,NUS-NCA,CAN,114240,MBBL,False
2022-05-01,NUS-NNO,NOR,832,MBBL,False
2022-05-01,NUS-NLY,LBY,1671,MBBL,False
2022-05-01,NUS-NBR,BRA,2864,MBBL,False
2022-05-01,NUS-Z00,U.S.,191072,MBBL,True
2022-05-01,NUS-NGH,GHA,1099,MBBL,False
2022-05-01,NUS-NCO,COL,8513,MBBL,False
2022-05-01,NUS-NNI,NGA,4909,MBBL,False
2022-05-01,NUS-NAR,ARG,1473,MBBL,False
2022-05-01,NUS-NMX,MEX,23924,MBBL,False
2022-06-01,NUS-NSA,SAU,18572,MBBL,False
2022-06-01,NUS-NKZ,KAZ,247,MBBL,False
2022-06-01,NUS-ME0,NA,34639,MBBL,True
2022-06-01,NUS-NIZ,IRQ,7064,MBBL,False
2022-06-01,NUS-MP0,NA,26411,MBBL,True
2022-06-01,NUS-NEC,ECU,3942,MBBL,False
2022-06-01,NUS-NTD,TTO,499,MBBL,False
2022-06-01,NUS-NKU,KWT,775,MBBL,False
2022-06-01,NUS-NAO,AGO,1329,MBBL,False
2022-06-01,NUS-MN0,NA,159572,MBBL,True
2022-06-01,NUS-NGY,GUY,4721,MBBL,False
2022-06-01,NUS-NUK,GBR,1631,MBBL,False
2022-06-01,NUS-NCA,CAN,114451,MBBL,False
2022-06-01,NUS-NNO,NOR,567,MBBL,False
2022-06-01,NUS-NLY,LBY,2494,MBBL,False
2022-06-01,NUS-NBR,BRA,4583,MBBL,False
2022-06-01,NUS-Z00,U.S.,194211,MBBL,True
2022-06-01,NUS-NGH,GHA,1960,MBBL,False
2022-06-01,NUS-NCO,COL,6184,MBBL,False
2022-06-01,NUS-NNI,NGA,4405,MBBL,False
2022-06-01,NUS-NAR,ARG,1393,MBBL,False
2022-06-01,NUS-NMX,MEX,19394,MBBL,False
2022-07-01,NUS-NSA,SAU,14207,MBBL,False
2022-07-01,NUS-NKZ,KAZ,1532,MBBL,False
2022-07-01,NUS-ME0,NA,35377,MBBL,True
2022-07-01,NUS-NIZ,IRQ,11949,MBBL,False
2022-07-01,NUS-MP0,NA,27855,MBBL,True
2022-07-01,NUS-NEC,ECU,3866,MBBL,False
2022-07-01,NUS-NTD,TTO,885,MBBL,False
2022-07-01,NUS-NAS,AUS,700,MBBL,False
2022-07-01,NUS-NPE,PER,399,MBBL,False
2022-07-01,NUS-NKU,KWT,702,MBBL,False
2022-07-01,NUS-NAG,DZA,1581,MBBL,False
2022-07-01,NUS-NAO,AGO,1374,MBBL,False
2022-07-01,NUS-MN0,NA,169134,MBBL,True
2022-07-01,NUS-NGY,GUY,1000,MBBL,False
2022-07-01,NUS-NTC,ARE,997,MBBL,False
2022-07-01,NUS-NUK,GBR,1366,MBBL,False
2022-07-01,NUS-NCA,CAN,116863,MBBL,False
2022-07-01,NUS-NGT,GTM,294,MBBL,False
2022-07-01,NUS-NNO,NOR,651,MBBL,False
2022-07-01,NUS-NLY,LBY,1662,MBBL,False
2022-07-01,NUS-NBR,BRA,6149,MBBL,False
2022-07-01,NUS-Z00,U.S.,204511,MBBL,True
2022-07-01,NUS-NGH,GHA,1947,MBBL,False
2022-07-01,NUS-NCO,COL,8392,MBBL,False
2022-07-01,NUS-NNI,NGA,2905,MBBL,False
2022-07-01,NUS-NAR,ARG,2246,MBBL,False
2022-07-01,NUS-NMX,MEX,22844,MBBL,False
2022-08-01,NUS-NSA,SAU,11894,MBBL,False
2022-08-01,NUS-NID,IDN,549,MBBL,False
2022-08-01,NUS-NKZ,KAZ,752,MBBL,False
2022-08-01,NUS-ME0,NA,28945,MBBL,True
2022-08-01,NUS-NIZ,IRQ,6633,MBBL,False
2022-08-01,NUS-MP0,NA,19878,MBBL,True
2022-08-01,NUS-NEC,ECU,5446,MBBL,False
2022-08-01,NUS-NTD,TTO,1895,MBBL,False
2022-08-01,NUS-NGB,GAB,708,MBBL,False
2022-08-01,NUS-NTS,TUN,627,MBBL,False
2022-08-01,NUS-NPE,PER,321,MBBL,False
2022-08-01,NUS-NKU,KWT,618,MBBL,False
2022-08-01,NUS-NAG,DZA,357,MBBL,False
2022-08-01,NUS-NAO,AGO,1543,MBBL,False
2022-08-01,NUS-MN0,NA,167380,MBBL,True
2022-08-01,NUS-NGY,GUY,4476,MBBL,False
2022-08-01,NUS-NTC,ARE,733,MBBL,False
2022-08-01,NUS-NUK,GBR,1401,MBBL,False
2022-08-01,NUS-NCA,CAN,119544,MBBL,False
2022-08-01,NUS-NLY,LBY,2117,MBBL,False
2022-08-01,NUS-NBR,BRA,4004,MBBL,False
2022-08-01,NUS-Z00,U.S.,196325,MBBL,True
2022-08-01,NUS-NGH,GHA,897,MBBL,False
2022-08-01,NUS-NCO,COL,6651,MBBL,False
2022-08-01,NUS-NNI,NGA,4342,MBBL,False
2022-08-01,NUS-NAR,ARG,948,MBBL,False
2022-08-01,NUS-NMX,MEX,19869,MBBL,False
2022-09-01,NUS-NSA,SAU,11874,MBBL,False
2022-09-01,NUS-NID,IDN,635,MBBL,False
2022-09-01,NUS-ME0,NA,25845,MBBL,True
2022-09-01,NUS-NIZ,IRQ,6938,MBBL,False
2022-09-01,NUS-MP0,NA,18812,MBBL,True
2022-09-01,NUS-NEC,ECU,7077,MBBL,False
2022-09-01,NUS-NTD,TTO,1387,MBBL,False
2022-09-01,NUS-NAG,DZA,642,MBBL,False
2022-09-01,NUS-NAO,AGO,1931,MBBL,False
2022-09-01,NUS-MN0,NA,162225,MBBL,True
2022-09-01,NUS-NGY,GUY,1495,MBBL,False
2022-09-01,NUS-NUK,GBR,1660,MBBL,False
2022-09-01,NUS-NCA,CAN,116993,MBBL,False
2022-09-01,NUS-NCF,COG,965,MBBL,False
2022-09-01,NUS-NNO,NOR,439,MBBL,False
2022-09-01,NUS-NLY,LBY,1874,MBBL,False
2022-09-01,NUS-NBR,BRA,5587,MBBL,False
2022-09-01,NUS-Z00,U.S.,188070,MBBL,True
2022-09-01,NUS-NGH,GHA,1090,MBBL,False
2022-09-01,NUS-NCO,COL,4859,MBBL,False
2022-09-01,NUS-NNI,NGA,1621,MBBL,False
2022-09-01,NUS-NAR,ARG,1948,MBBL,False
2022-09-01,NUS-NMX,MEX,19055,MBBL,False
2022-10-01,NUS-NSA,SAU,12832,MBBL,False
2022-10-01,NUS-NKZ,KAZ,1599,MBBL,False
2022-10-01,NUS-ME0,NA,28764,MBBL,True
2022-10-01,NUS-NIZ,IRQ,6034,MBBL,False
2022-10-01,NUS-MP0,NA,20125,MBBL,True
2022-10-01,NUS-NEC,ECU,3494,MBBL,False
2022-10-01,NUS-NTD,TTO,522,MBBL,False
2022-10-01,NUS-NPE,PER,298,MBBL,False
2022-10-01,NUS-NKU,KWT,1259,MBBL,False
2022-10-01,NUS-NAG,DZA,648,MBBL,False
2022-10-01,NUS-NAO,AGO,2051,MBBL,False
2022-10-01,NUS-MN0,NA,164658,MBBL,True
2022-10-01,NUS-NGY,GUY,995,MBBL,False
2022-10-01,NUS-NUK,GBR,2098,MBBL,False
2022-10-01,NUS-NCA,CAN,116184,MBBL,False
2022-10-01,NUS-NGT,GTM,279,MBBL,False
2022-10-01,NUS-NCF,COG,932,MBBL,False
2022-10-01,NUS-NNO,NOR,190,MBBL,False
2022-10-01,NUS-NLY,LBY,3741,MBBL,False
2022-10-01,NUS-NBR,BRA,6124,MBBL,False
2022-10-01,NUS-Z00,U.S.,193422,MBBL,True
2022-10-01,NUS-NGH,GHA,2190,MBBL,False
2022-10-01,NUS-NCO,COL,6799,MBBL,False
2022-10-01,NUS-NNI,NGA,1267,MBBL,False
2022-10-01,NUS-NAR,ARG,2762,MBBL,False
2022-10-01,NUS-NMX,MEX,21124,MBBL,False
2022-11-01,NUS-NSA,SAU,13208,MBBL,False
2022-11-01,NUS-NKZ,KAZ,181,MBBL,False
2022-11-01,NUS-ME0,NA,31647,MBBL,True
2022-11-01,NUS-NIZ,IRQ,7945,MBBL,False
2022-11-01,NUS-MP0,NA,22319,MBBL,True
2022-11-01,NUS-NEC,ECU,4773,MBBL,False
2022-11-01,NUS-NTD,TTO,1537,MBBL,False
2022-11-01,NUS-NPE,PER,299,MBBL,False
2022-11-01,NUS-NKU,KWT,1166,MBBL,False
2022-11-01,NUS-NAG,DZA,2444,MBBL,False
2022-11-01,NUS-NAO,AGO,950,MBBL,False
2022-11-01,NUS-MN0,NA,155935,MBBL,True
2022-11-01,NUS-NGY,GUY,2921,MBBL,False
2022-11-01,NUS-NUK,GBR,1623,MBBL,False
2022-11-01,NUS-NCA,CAN,112952,MBBL,False
2022-11-01,NUS-NLY,LBY,2285,MBBL,False
2022-11-01,NUS-NBR,BRA,5526,MBBL,False
2022-11-01,NUS-Z00,U.S.,187582,MBBL,True
2022-11-01,NUS-NGH,GHA,2230,MBBL,False
2022-11-01,NUS-NCO,COL,6160,MBBL,False
2022-11-01,NUS-NNI,NGA,3649,MBBL,False
2022-11-01,NUS-NAR,ARG,3027,MBBL,False
2022-11-01,NUS-NMX,MEX,14706,MBBL,False
2022-12-01,NUS-NSA,SAU,15498,MBBL,False
2022-12-01,NUS-ME0,NA,32860,MBBL,True
2022-12-01,NUS-NIZ,IRQ,8552,MBBL,False
2022-12-01,NUS-MP0,NA,25521,MBBL,True
2022-12-01,NUS-NEC,ECU,4337,MBBL,False
2022-12-01,NUS-NTD,TTO,1965,MBBL,False
2022-12-01,NUS-NKU,KWT,1471,MBBL,False
2022-12-01,NUS-NAG,DZA,166,MBBL,False
2022-12-01,NUS-NAO,AGO,137,MBBL,False
2022-12-01,NUS-MN0,NA,153122,MBBL,True
2022-12-01,NUS-NGY,GUY,3090,MBBL,False
2022-12-01,NUS-NUK,GBR,730,MBBL,False
2022-12-01,NUS-NCA,CAN,109816,MBBL,False
2022-12-01,NUS-NNO,NOR,768,MBBL,False
2022-12-01,NUS-NLY,LBY,2888,MBBL,False
2022-12-01,NUS-NBR,BRA,4579,MBBL,False
2022-12-01,NUS-Z00,U.S.,185982,MBBL,True
2022-12-01,NUS-NGH,GHA,1462,MBBL,False
2022-12-01,NUS-NCO,COL,6651,MBBL,False
2022-12-01,NUS-NNI,NGA,4148,MBBL,False
2022-12-01,NUS-NAR,ARG,1873,MBBL,False
2022-12-01,NUS-NMX,MEX,17851,MBBL,False
2023-01-01,NUS-NSA,SAU,13235,MBBL,False
2023-01-01,NUS-NKZ,KAZ,1015,MBBL,False
2023-01-01,NUS-ME0,NA,30851,MBBL,True
2023-01-01,NUS-NIZ,IRQ,7823,MBBL,False
2023-01-01,NUS-MP0,NA,21423,MBBL,True
2023-01-01,NUS-NEC,ECU,4322,MBBL,False
2023-01-01,NUS-NTD,TTO,891,MBBL,False
2023-01-01,NUS-NCM,CMR,617,MBBL,False
2023-01-01,NUS-NKU,KWT,365,MBBL,False
2023-01-01,NUS-NAG,DZA,631,MBBL,False
2023-01-01,NUS-NAO,AGO,3,MBBL,False
2023-01-01,NUS-NVE,VEN,1241,MBBL,False
2023-01-01,NUS-MN0,NA,164461,MBBL,True
2023-01-01,NUS-NGY,GUY,1972,MBBL,False
2023-01-01,NUS-NUK,GBR,1705,MBBL,False
2023-01-01,NUS-NCA,CAN,120831,MBBL,False
2023-01-01,NUS-NNO,NOR,1,MBBL,False
2023-01-01,NUS-NLY,LBY,1860,MBBL,False
2023-01-01,NUS-NBR,BRA,3129,MBBL,False
2023-01-01,NUS-Z00,U.S.,195312,MBBL,True
2023-01-01,NUS-NGH,GHA,620,MBBL,False
2023-01-01,NUS-NCO,COL,5216,MBBL,False
2023-01-01,NUS-NNI,NGA,5693,MBBL,False
2023-01-01,NUS-NAR,ARG,1963,MBBL,False
2023-01-01,NUS-NMX,MEX,22179,MBBL,False
2023-02-01,NUS-NSA,SAU,10863,MBBL,False
2023-02-01,NUS-NKZ,KAZ,1043,MBBL,False
2023-02-01,NUS-ME0,NA,28481,MBBL,True
2023-02-01,NUS-NIZ,IRQ,8352,MBBL,False
2023-02-01,NUS-MP0,NA,19715,MBBL,True
2023-02-01,NUS-NEC,ECU,3871,MBBL,False
2023-02-01,NUS-NKU,KWT,500,MBBL,False
2023-02-01,NUS-NAG,DZA,627,MBBL,False
2023-02-01,NUS-NAO,AGO,239,MBBL,False
2023-02-01,NUS-NVE,VEN,1630,MBBL,False
2023-02-01,NUS-MN0,NA,157180,MBBL,True
2023-02-01,NUS-NGY,GUY,3892,MBBL,False
2023-02-01,NUS-NUK,GBR,1312,MBBL,False
2023-02-01,NUS-NCA,CAN,114313,MBBL,False
2023-02-01,NUS-NNO,NOR,119,MBBL,False
2023-02-01,NUS-NLY,LBY,1571,MBBL,False
2023-02-01,NUS-NBR,BRA,3948,MBBL,False
2023-02-01,NUS-Z00,U.S.,185661,MBBL,True
2023-02-01,NUS-NCO,COL,5621,MBBL,False
2023-02-01,NUS-NNI,NGA,4699,MBBL,False
2023-02-01,NUS-NAR,ARG,953,MBBL,False
2023-02-01,NUS-NMX,MEX,22108,MBBL,False
2023-03-01,NUS-NSA,SAU,13230,MBBL,False
2023-03-01,NUS-ME0,NA,34738,MBBL,True
2023-03-01,NUS-NIZ,IRQ,6910,MBBL,False
2023-03-01,NUS-MP0,NA,22447,MBBL,True
2023-03-01,NUS-NEC,ECU,3087,MBBL,False
2023-03-01,NUS-NTD,TTO,525,MBBL,False
2023-03-01,NUS-NKU,KWT,362,MBBL,False
2023-03-01,NUS-NAO,AGO,764,MBBL,False
2023-03-01,NUS-NVE,VEN,3383,MBBL,False
2023-03-01,NUS-MN0,NA,160659,MBBL,True
2023-03-01,NUS-NGY,GUY,2993,MBBL,False
2023-03-01,NUS-NTC,ARE,1428,MBBL,False
2023-03-01,NUS-NUK,GBR,324,MBBL,False
2023-03-01,NUS-NCA,CAN,118748,MBBL,False
2023-03-01,NUS-NNO,NOR,7,MBBL,False
2023-03-01,NUS-NEK,GNQ,863,MBBL,False
2023-03-01,NUS-NLY,LBY,1740,MBBL,False
2023-03-01,NUS-NBR,BRA,4498,MBBL,False
2023-03-01,NUS-Z00,U.S.,195397,MBBL,True
2023-03-01,NUS-NQA,QAT,517,MBBL,False
2023-03-01,NUS-NGH,GHA,143,MBBL,False
2023-03-01,NUS-NCO,COL,6070,MBBL,False
2023-03-01,NUS-NNI,NGA,6058,MBBL,False
2023-03-01,NUS-NAR,ARG,1388,MBBL,False
2023-03-01,NUS-NMX,MEX,22359,MBBL,False
2023-04-01,NUS-NSA,SAU,11631,MBBL,False
2023-04-01,NUS-NKZ,KAZ,1475,MBBL,False
2023-04-01,NUS-ME0,NA,33893,MBBL,True
2023-04-01,NUS-NIZ,IRQ,5790,MBBL,False
2023-04-01,NUS-MP0,NA,17789,MBBL,True
2023-04-01,NUS-NEC,ECU,3424,MBBL,False
2023-04-01,NUS-NTD,TTO,1604,MBBL,False
2023-04-01,NUS-NKU,KWT,368,MBBL,False
2023-04-01,NUS-NAG,DZA,345,MBBL,False
2023-04-01,NUS-NAO,AGO,2200,MBBL,False
2023-04-01,NUS-NVE,VEN,4210,MBBL,False
2023-04-01,NUS-MN0,NA,152715,MBBL,True
2023-04-01,NUS-NGY,GUY,3475,MBBL,False
2023-04-01,NUS-NUK,GBR,1933,MBBL,False
2023-04-01,NUS-NCA,CAN,109609,MBBL,False
2023-04-01,NUS-NNO,NOR,1208,MBBL,False
2023-04-01,NUS-NEK,GNQ,166,MBBL,False
2023-04-01,NUS-NLY,LBY,2623,MBBL,False
2023-04-01,NUS-NBR,BRA,3803,MBBL,False
2023-04-01,NUS-Z00,U.S.,186608,MBBL,True
2023-04-01,NUS-NGH,GHA,2027,MBBL,False
2023-04-01,NUS-NCO,COL,5030,MBBL,False
2023-04-01,NUS-NNI,NGA,6560,MBBL,False
2023-04-01,NUS-NAR,ARG,960,MBBL,False
2023-04-01,NUS-NMX,MEX,18167,MBBL,False
2023-05-01,NUS-NSA,SAU,9378,MBBL,False
2023-05-01,NUS-NKZ,KAZ,738,MBBL,False
2023-05-01,NUS-ME0,NA,31344,MBBL,True
2023-05-01,NUS-NIZ,IRQ,6012,MBBL,False
2023-05-01,NUS-MP0,NA,16136,MBBL,True
2023-05-01,NUS-NEC,ECU,5251,MBBL,False
2023-05-01,NUS-NTD,TTO,618,MBBL,False
2023-05-01,NUS-NKU,KWT,746,MBBL,False
2023-05-01,NUS-NAG,DZA,934,MBBL,False
2023-05-01,NUS-NAO,AGO,1378,MBBL,False
2023-05-01,NUS-NVE,VEN,5727,MBBL,False
2023-05-01,NUS-MN0,NA,169063,MBBL,True
2023-05-01,NUS-NGY,GUY,1504,MBBL,False
2023-05-01,NUS-NUK,GBR,407,MBBL,False
2023-05-01,NUS-NCA,CAN,122631,MBBL,False
2023-05-01,NUS-NGT,GTM,281,MBBL,False
2023-05-01,NUS-NNO,NOR,402,MBBL,False
2023-05-01,NUS-NLY,LBY,2337,MBBL,False
2023-05-01,NUS-NBR,BRA,3094,MBBL,False
2023-05-01,NUS-Z00,U.S.,200407,MBBL,True
2023-05-01,NUS-NGH,GHA,3825,MBBL,False
2023-05-01,NUS-NCO,COL,6541,MBBL,False
2023-05-01,NUS-NNI,NGA,4832,MBBL,False
2023-05-01,NUS-NNL,NLD,383,MBBL,False
2023-05-01,NUS-NAR,ARG,1419,MBBL,False
2023-05-01,NUS-NMX,MEX,21969,MBBL,False
2023-06-01,NUS-NSA,SAU,11498,MBBL,False
2023-06-01,NUS-NKZ,KAZ,743,MBBL,False
2023-06-01,NUS-ME0,NA,31211,MBBL,True
2023-06-01,NUS-NIZ,IRQ,5462,MBBL,False
2023-06-01,NUS-MP0,NA,17559,MBBL,True
2023-06-01,NUS-NEC,ECU,2651,MBBL,False
2023-06-01,NUS-NTD,TTO,1910,MBBL,False
2023-06-01,NUS-NAS,AUS,339,MBBL,False
2023-06-01,NUS-NKU,KWT,599,MBBL,False
2023-06-01,NUS-NAG,DZA,500,MBBL,False
2023-06-01,NUS-NAO,AGO,1398,MBBL,False
2023-06-01,NUS-NVE,VEN,3774,MBBL,False
2023-06-01,NUS-MN0,NA,164318,MBBL,True
2023-06-01,NUS-NGY,GUY,2995,MBBL,False
2023-06-01,NUS-NUK,GBR,1795,MBBL,False
2023-06-01,NUS-NCA,CAN,113899,MBBL,False
2023-06-01,NUS-NLY,LBY,3352,MBBL,False
2023-06-01,NUS-NBR,BRA,6604,MBBL,False
2023-06-01,NUS-Z00,U.S.,195529,MBBL,True
2023-06-01,NUS-NGH,GHA,1007,MBBL,False
2023-06-01,NUS-NCO,COL,6111,MBBL,False
2023-06-01,NUS-NNI,NGA,4628,MBBL,False
2023-06-01,NUS-NVM,VNM,285,MBBL,False
2023-06-01,NUS-NAR,ARG,967,MBBL,False
2023-06-01,NUS-NMX,MEX,25012,MBBL,False
2023-07-01,NUS-NSA,SAU,12159,MBBL,False
2023-07-01,NUS-NKZ,KAZ,1857,MBBL,False
2023-07-01,NUS-ME0,NA,32408,MBBL,True
2023-07-01,NUS-NIZ,IRQ,6329,MBBL,False
2023-07-01,NUS-MP0,NA,19307,MBBL,True
2023-07-01,NUS-NEC,ECU,5951,MBBL,False
2023-07-01,NUS-NTD,TTO,1505,MBBL,False
2023-07-01,NUS-NPE,PER,105,MBBL,False
2023-07-01,NUS-NKU,KWT,819,MBBL,False
2023-07-01,NUS-NAG,DZA,565,MBBL,False
2023-07-01,NUS-NAO,AGO,1108,MBBL,False
2023-07-01,NUS-NVE,VEN,4739,MBBL,False
2023-07-01,NUS-MN0,NA,163057,MBBL,True
2023-07-01,NUS-NGY,GUY,2008,MBBL,False
2023-07-01,NUS-NUK,GBR,1429,MBBL,False
2023-07-01,NUS-NCA,CAN,112667,MBBL,False
2023-07-01,NUS-NCF,COG,994,MBBL,False
2023-07-01,NUS-NNO,NOR,209,MBBL,False
2023-07-01,NUS-NLY,LBY,609,MBBL,False
2023-07-01,NUS-NBR,BRA,6041,MBBL,False
2023-07-01,NUS-Z00,U.S.,195465,MBBL,True
2023-07-01,NUS-NGH,GHA,10,MBBL,False
2023-07-01,NUS-NCO,COL,6453,MBBL,False
2023-07-01,NUS-NNI,NGA,5086,MBBL,False
2023-07-01,NUS-NAR,ARG,1688,MBBL,False
2023-07-01,NUS-NMX,MEX,23134,MBBL,False
2023-08-01,NUS-NSA,SAU,12281,MBBL,False
2023-08-01,NUS-NKZ,KAZ,684,MBBL,False
2023-08-01,NUS-ME0,NA,37183,MBBL,True
2023-08-01,NUS-NIZ,IRQ,7807,MBBL,False
2023-08-01,NUS-MP0,NA,22388,MBBL,True
2023-08-01,NUS-NEC,ECU,7174,MBBL,False
2023-08-01,NUS-NTD,TTO,1527,MBBL,False
2023-08-01,NUS-NKU,KWT,1853,MBBL,False
2023-08-01,NUS-NAG,DZA,398,MBBL,False
2023-08-01,NUS-NAO,AGO,1574,MBBL,False
2023-08-01,NUS-NVE,VEN,4022,MBBL,False
2023-08-01,NUS-MN0,NA,179471,MBBL,True
2023-08-01,NUS-NGY,GUY,3215,MBBL,False
2023-08-01,NUS-NUK,GBR,400,MBBL,False
2023-08-01,NUS-NCA,CAN,124559,MBBL,False
2023-08-01,NUS-NIR,IRN,447,MBBL,False
2023-08-01,NUS-NNO,NOR,366,MBBL,False
2023-08-01,NUS-NLY,LBY,2854,MBBL,False
2023-08-01,NUS-NBR,BRA,5950,MBBL,False
2023-08-01,NUS-Z00,U.S.,216654,MBBL,True
2023-08-01,NUS-NGH,GHA,2856,MBBL,False
2023-08-01,NUS-NCO,COL,8278,MBBL,False
2023-08-01,NUS-NNI,NGA,5947,MBBL,False
2023-08-01,NUS-NAR,ARG,1911,MBBL,False
2023-08-01,NUS-NMX,MEX,22551,MBBL,False
2023-09-01,NUS-NSA,SAU,10586,MBBL,False
2023-09-01,NUS-NKZ,KAZ,1709,MBBL,False
2023-09-01,NUS-ME0,NA,35374,MBBL,True
2023-09-01,NUS-NIZ,IRQ,7529,MBBL,False
2023-09-01,NUS-MP0,NA,22027,MBBL,True
2023-09-01,NUS-NEC,ECU,2996,MBBL,False
2023-09-01,NUS-NTD,TTO,1404,MBBL,False
2023-09-01,NUS-NKU,KWT,759,MBBL,False
2023-09-01,NUS-NAG,DZA,1997,MBBL,False
2023-09-01,NUS-NAO,AGO,1237,MBBL,False
2023-09-01,NUS-NVE,VEN,4884,MBBL,False
2023-09-01,NUS-MN0,NA,165118,MBBL,True
2023-09-01,NUS-NGY,GUY,2823,MBBL,False
2023-09-01,NUS-NTC,ARE,2139,MBBL,False
2023-09-01,NUS-NUK,GBR,2036,MBBL,False
2023-09-01,NUS-NCA,CAN,113748,MBBL,False
2023-09-01,NUS-NIR,IRN,530,MBBL,False
2023-09-01,NUS-NGT,GTM,279,MBBL,False
2023-09-01,NUS-NCF,COG,901,MBBL,False
2023-09-01,NUS-NLY,LBY,1644,MBBL,False
2023-09-01,NUS-NIV,CIV,299,MBBL,False
2023-09-01,NUS-NBR,BRA,8641,MBBL,False
2023-09-01,NUS-Z00,U.S.,200492,MBBL,True
2023-09-01,NUS-NQA,QAT,484,MBBL,False
2023-09-01,NUS-NGH,GHA,73,MBBL,False
2023-09-01,NUS-NCO,COL,6073,MBBL,False
2023-09-01,NUS-NNI,NGA,3168,MBBL,False
2023-09-01,NUS-NAR,ARG,2269,MBBL,False
2023-09-01,NUS-NMX,MEX,22284,MBBL,False
2023-10-01,NUS-NSA,SAU,7315,MBBL,False
2023-10-01,NUS-NKZ,KAZ,533,MBBL,False
2023-10-01,NUS-ME0,NA,29395,MBBL,True
2023-10-01,NUS-NIZ,IRQ,7273,MBBL,False
2023-10-01,NUS-MP0,NA,16707,MBBL,True
2023-10-01,NUS-NEC,ECU,1989,MBBL,False
2023-10-01,NUS-NTD,TTO,1008,MBBL,False
2023-10-01,NUS-NAS,AUS,633,MBBL,False
2023-10-01,NUS-NAG,DZA,176,MBBL,False
2023-10-01,NUS-NAO,AGO,1270,MBBL,False
2023-10-01,NUS-NVE,VEN,5140,MBBL,False
2023-10-01,NUS-MN0,NA,160647,MBBL,True
2023-10-01,NUS-NGY,GUY,2005,MBBL,False
2023-10-01,NUS-NTC,ARE,856,MBBL,False
2023-10-01,NUS-NUK,GBR,400,MBBL,False
2023-10-01,NUS-NCA,CAN,117050,MBBL,False
2023-10-01,NUS-NIR,IRN,752,MBBL,False
2023-10-01,NUS-NCF,COG,731,MBBL,False
2023-10-01,NUS-NLY,LBY,4384,MBBL,False
2023-10-01,NUS-NBR,BRA,5965,MBBL,False
2023-10-01,NUS-Z00,U.S.,190042,MBBL,True
2023-10-01,NUS-NQA,QAT,511,MBBL,False
2023-10-01,NUS-NGH,GHA,516,MBBL,False
2023-10-01,NUS-NCO,COL,5655,MBBL,False
2023-10-01,NUS-NNI,NGA,1498,MBBL,False
2023-10-01,NUS-NEG,EGY,534,MBBL,False
2023-10-01,NUS-NAR,ARG,1410,MBBL,False
2023-10-01,NUS-NMX,MEX,22438,MBBL,False
2023-11-01,NUS-NSA,SAU,7529,MBBL,False
2023-11-01,NUS-NKZ,KAZ,1747,MBBL,False
2023-11-01,NUS-ME0,NA,25181,MBBL,True
2023-11-01,NUS-NIZ,IRQ,4120,MBBL,False
2023-11-01,NUS-MP0,NA,12801,MBBL,True
2023-11-01,NUS-NEC,ECU,2989,MBBL,False
2023-11-01,NUS-NCD,TCD,543,MBBL,False
2023-11-01,NUS-NTD,TTO,1027,MBBL,False
2023-11-01,NUS-NBF,BHS,2,MBBL,False
2023-11-01,NUS-NKU,KWT,652,MBBL,False
2023-11-01,NUS-NAG,DZA,240,MBBL,False
2023-11-01,NUS-NAO,AGO,85,MBBL,False
2023-11-01,NUS-NVE,VEN,4423,MBBL,False
2023-11-01,NUS-MN0,NA,182613,MBBL,True
2023-11-01,NUS-NRS,RUS,10,MBBL,False
2023-11-01,NUS-NGY,GUY,4226,MBBL,False
2023-11-01,NUS-NTC,ARE,500,MBBL,False
2023-11-01,NUS-NUK,GBR,1371,MBBL,False
2023-11-01,NUS-NCA,CAN,130435,MBBL,False
2023-11-01,NUS-NCF,COG,241,MBBL,False
2023-11-01,NUS-NLY,LBY,2854,MBBL,False
2023-11-01,NUS-NBR,BRA,7450,MBBL,False
2023-11-01,NUS-Z00,U.S.,207794,MBBL,True
2023-11-01,NUS-NGH,GHA,659,MBBL,False
2023-11-01,NUS-NCO,COL,7757,MBBL,False
2023-11-01,NUS-NNI,NGA,4537,MBBL,False
2023-11-01,NUS-NNL,NLD,2,MBBL,False
2023-11-01,NUS-NEG,EGY,14,MBBL,False
2023-11-01,NUS-NAR,ARG,2526,MBBL,False
2023-11-01,NUS-NMX,MEX,21855,MBBL,False
2023-12-01,NUS-NSA,SAU,7600,MBBL,False
2023-12-01,NUS-NKZ,KAZ,309,MBBL,False
2023-12-01,NUS-ME0,NA,26702,MBBL,True
2023-12-01,NUS-NIZ,IRQ,4453,MBBL,False
2023-12-01,NUS-MP0,NA,14074,MBBL,True
2023-12-01,NUS-NEC,ECU,3178,MBBL,False
2023-12-01,NUS-NCD,TCD,403,MBBL,False
2023-12-01,NUS-NTD,TTO,1451,MBBL,False
2023-12-01,NUS-NTS,TUN,622,MBBL,False
2023-12-01,NUS-NKU,KWT,799,MBBL,False
2023-12-01,NUS-NAG,DZA,369,MBBL,False
2023-12-01,NUS-NAO,AGO,593,MBBL,False
2023-12-01,NUS-NVE,VEN,4998,MBBL,False
2023-12-01,NUS-MN0,NA,172373,MBBL,True
2023-12-01,NUS-NGY,GUY,4549,MBBL,False
2023-12-01,NUS-NTC,ARE,1222,MBBL,False
2023-12-01,NUS-NUK,GBR,720,MBBL,False
2023-12-01,NUS-NCA,CAN,119618,MBBL,False
2023-12-01,NUS-NLY,LBY,3499,MBBL,False
2023-12-01,NUS-NBR,BRA,8601,MBBL,False
2023-12-01,NUS-Z00,U.S.,199075,MBBL,True
2023-12-01,NUS-NGH,GHA,2241,MBBL,False
2023-12-01,NUS-NCO,COL,5070,MBBL,False
2023-12-01,NUS-NNI,NGA,3169,MBBL,False
2023-12-01,NUS-NAR,ARG,2199,MBBL,False
2023-12-01,NUS-NMX,MEX,23412,MBBL,False
2024-01-01,NUS-NSA,SAU,9234,MBBL,False
2024-01-01,NUS-NKZ,KAZ,2022,MBBL,False
2024-01-01,NUS-ME0,NA,26653,MBBL,True
2024-01-01,NUS-NIZ,IRQ,4663,MBBL,False
2024-01-01,NUS-MP0,NA,14400,MBBL,True
2024-01-01,NUS-NEC,ECU,2495,MBBL,False
2024-01-01,NUS-NCD,TCD,573,MBBL,False
2024-01-01,NUS-NTD,TTO,1624,MBBL,False
2024-01-01,NUS-NCM,CMR,649,MBBL,False
2024-01-01,NUS-NKU,KWT,503,MBBL,False
2024-01-01,NUS-NAG,DZA,537,MBBL,False
2024-01-01,NUS-NAO,AGO,527,MBBL,False
2024-01-01,NUS-NVE,VEN,4719,MBBL,False
2024-01-01,NUS-MN0,NA,178760,MBBL,True
2024-01-01,NUS-NGY,GUY,5423,MBBL,False
2024-01-01,NUS-NUK,GBR,1492,MBBL,False
2024-01-01,NUS-NCA,CAN,129680,MBBL,False
2024-01-01,NUS-NNO,NOR,543,MBBL,False
2024-01-01,NUS-NLY,LBY,1736,MBBL,False
2024-01-01,NUS-NBR,BRA,7322,MBBL,False
2024-01-01,NUS-Z00,U.S.,205413,MBBL,True
2024-01-01,NUS-NGH,GHA,889,MBBL,False
2024-01-01,NUS-NCO,COL,7513,MBBL,False
2024-01-01,NUS-NNI,NGA,5261,MBBL,False
2024-01-01,NUS-NAR,ARG,1813,MBBL,False
2024-01-01,NUS-NMX,MEX,16195,MBBL,False
2024-02-01,NUS-NSA,SAU,7286,MBBL,False
2024-02-01,NUS-NKZ,KAZ,789,MBBL,False
2024-02-01,NUS-ME0,NA,23209,MBBL,True
2024-02-01,NUS-NIZ,IRQ,4406,MBBL,False
2024-02-01,NUS-MP0,NA,11967,MBBL,True
2024-02-01,NUS-NEC,ECU,3795,MBBL,False
2024-02-01,NUS-NTD,TTO,1076,MBBL,False
2024-02-01,NUS-NCM,CMR,248,MBBL,False
2024-02-01,NUS-NKU,KWT,275,MBBL,False
2024-02-01,NUS-NAG,DZA,518,MBBL,False
2024-02-01,NUS-NAO,AGO,369,MBBL,False
2024-02-01,NUS-NVE,VEN,4113,MBBL,False
2024-02-01,NUS-MN0,NA,166339,MBBL,True
2024-02-01,NUS-NGY,GUY,6584,MBBL,False
2024-02-01,NUS-NUK,GBR,4233,MBBL,False
2024-02-01,NUS-NCA,CAN,119912,MBBL,False
2024-02-01,NUS-NNO,NOR,158,MBBL,False
2024-02-01,NUS-NLY,LBY,2153,MBBL,False
2024-02-01,NUS-NBR,BRA,4940,MBBL,False
2024-02-01,NUS-Z00,U.S.,189548,MBBL,True
2024-02-01,NUS-NGH,GHA,1495,MBBL,False
2024-02-01,NUS-NCO,COL,4969,MBBL,False
2024-02-01,NUS-NNI,NGA,4458,MBBL,False
2024-02-01,NUS-NAR,ARG,2347,MBBL,False
2024-02-01,NUS-NMX,MEX,15424,MBBL,False
2024-03-01,NUS-NSA,SAU,10875,MBBL,False
2024-03-01,NUS-NKZ,KAZ,1235,MBBL,False
2024-03-01,NUS-ME0,NA,31909,MBBL,True
2024-03-01,NUS-NIZ,IRQ,5073,MBBL,False
2024-03-01,NUS-MP0,NA,17908,MBBL,True
2024-03-01,NUS-NEC,ECU,3521,MBBL,False
2024-03-01,NUS-NCD,TCD,174,MBBL,False
2024-03-01,NUS-NTD,TTO,1047,MBBL,False
2024-03-01,NUS-NKU,KWT,966,MBBL,False
2024-03-01,NUS-NAG,DZA,78,MBBL,False
2024-03-01,NUS-NAO,AGO,1240,MBBL,False
2024-03-01,NUS-NVE,VEN,5487,MBBL,False
2024-03-01,NUS-MN0,NA,159676,MBBL,True
2024-03-01,NUS-NGY,GUY,3992,MBBL,False
2024-03-01,NUS-NTC,ARE,994,MBBL,False
2024-03-01,NUS-NUK,GBR,1706,MBBL,False
2024-03-01,NUS-NCA,CAN,118092,MBBL,False
2024-03-01,NUS-NLY,LBY,4144,MBBL,False
2024-03-01,NUS-NBR,BRA,7318,MBBL,False
2024-03-01,NUS-Z00,U.S.,191585,MBBL,True
2024-03-01,NUS-NGH,GHA,1974,MBBL,False
2024-03-01,NUS-NCO,COL,6015,MBBL,False
2024-03-01,NUS-NNI,NGA,4292,MBBL,False
2024-03-01,NUS-NAR,ARG,695,MBBL,False
2024-03-01,NUS-NMX,MEX,12667,MBBL,False
2024-04-01,NUS-NSA,SAU,10432,MBBL,False
2024-04-01,NUS-NKZ,KAZ,1606,MBBL,False
2024-04-01,NUS-ME0,NA,33291,MBBL,True
2024-04-01,NUS-NIZ,IRQ,7590,MBBL,False
2024-04-01,NUS-MP0,NA,19330,MBBL,True
2024-04-01,NUS-NEC,ECU,2996,MBBL,False
2024-04-01,NUS-NTD,TTO,1049,MBBL,False
2024-04-01,NUS-NCM,CMR,463,MBBL,False
2024-04-01,NUS-NKU,KWT,310,MBBL,False
2024-04-01,NUS-NAG,DZA,52,MBBL,False
2024-04-01,NUS-NAO,AGO,2036,MBBL,False
2024-04-01,NUS-NVE,VEN,6272,MBBL,False
2024-04-01,NUS-MN0,NA,164499,MBBL,True
2024-04-01,NUS-NGY,GUY,5198,MBBL,False
2024-04-01,NUS-NTC,ARE,998,MBBL,False
2024-04-01,NUS-NUK,GBR,1094,MBBL,False
2024-04-01,NUS-NCA,CAN,121958,MBBL,False
2024-04-01,NUS-NNO,NOR,693,MBBL,False
2024-04-01,NUS-NLY,LBY,1538,MBBL,False
2024-04-01,NUS-NBR,BRA,5574,MBBL,False
2024-04-01,NUS-Z00,U.S.,197790,MBBL,True
2024-04-01,NUS-NCO,COL,7839,MBBL,False
2024-04-01,NUS-NNI,NGA,6099,MBBL,False
2024-04-01,NUS-NAR,ARG,1622,MBBL,False
2024-04-01,NUS-NMX,MEX,12371,MBBL,False
2024-05-01,NUS-NSA,SAU,11172,MBBL,False
2024-05-01,NUS-NKZ,KAZ,544,MBBL,False
2024-05-01,NUS-ME0,NA,35058,MBBL,True
2024-05-01,NUS-NIZ,IRQ,6777,MBBL,False
2024-05-01,NUS-MP0,NA,19540,MBBL,True
2024-05-01,NUS-NEC,ECU,5798,MBBL,False
2024-05-01,NUS-NTD,TTO,323,MBBL,False
2024-05-01,NUS-NGB,GAB,136,MBBL,False
2024-05-01,NUS-NCM,CMR,300,MBBL,False
2024-05-01,NUS-NKU,KWT,481,MBBL,False
2024-05-01,NUS-NAG,DZA,376,MBBL,False
2024-05-01,NUS-NAO,AGO,1196,MBBL,False
2024-05-01,NUS-NVE,VEN,6929,MBBL,False
2024-05-01,NUS-MN0,NA,183277,MBBL,True
2024-05-01,NUS-NGY,GUY,6321,MBBL,False
2024-05-01,NUS-NTC,ARE,1110,MBBL,False
2024-05-01,NUS-NUK,GBR,1594,MBBL,False
2024-05-01,NUS-NCA,CAN,130172,MBBL,False
2024-05-01,NUS-NGT,GTM,276,MBBL,False
2024-05-01,NUS-NNO,NOR,1395,MBBL,False
2024-05-01,NUS-NLY,LBY,4099,MBBL,False
2024-05-01,NUS-NBR,BRA,7841,MBBL,False
2024-05-01,NUS-Z00,U.S.,218335,MBBL,True
2024-05-01,NUS-NGH,GHA,920,MBBL,False
2024-05-01,NUS-NCO,COL,7500,MBBL,False
2024-05-01,NUS-NNI,NGA,3978,MBBL,False
2024-05-01,NUS-NAR,ARG,3635,MBBL,False
2024-05-01,NUS-NMX,MEX,15462,MBBL,False
2024-06-01,NUS-NSA,SAU,8199,MBBL,False
2024-06-01,NUS-NKZ,KAZ,1752,MBBL,False
2024-06-01,NUS-ME0,NA,30916,MBBL,True
2024-06-01,NUS-NIZ,IRQ,6057,MBBL,False
2024-06-01,NUS-MP0,NA,16943,MBBL,True
2024-06-01,NUS-NEC,ECU,4576,MBBL,False
2024-06-01,NUS-NCD,TCD,189,MBBL,False
2024-06-01,NUS-NTD,TTO,2230,MBBL,False
2024-06-01,NUS-NGB,GAB,652,MBBL,False
2024-06-01,NUS-NPE,PER,352,MBBL,False
2024-06-01,NUS-NKU,KWT,692,MBBL,False
2024-06-01,NUS-NAG,DZA,1792,MBBL,False
2024-06-01,NUS-NAO,AGO,554,MBBL,False
2024-06-01,NUS-NVE,VEN,6783,MBBL,False
2024-06-01,NUS-MN0,NA,169630,MBBL,True
2024-06-01,NUS-NGY,GUY,8794,MBBL,False
2024-06-01,NUS-NTC,ARE,1995,MBBL,False
2024-06-01,NUS-NUK,GBR,1919,MBBL,False
2024-06-01,NUS-NCA,CAN,119199,MBBL,False
2024-06-01,NUS-NNO,NOR,451,MBBL,False
2024-06-01,NUS-NLY,LBY,1229,MBBL,False
2024-06-01,NUS-NBR,BRA,5433,MBBL,False
2024-06-01,NUS-Z00,U.S.,200546,MBBL,True
2024-06-01,NUS-NGH,GHA,27,MBBL,False
2024-06-01,NUS-NCO,COL,5599,MBBL,False
2024-06-01,NUS-NNI,NGA,3517,MBBL,False
2024-06-01,NUS-NAR,ARG,1302,MBBL,False
2024-06-01,NUS-NMX,MEX,17253,MBBL,False
2024-07-01,NUS-NSA,SAU,8691,MBBL,False
2024-07-01,NUS-NKZ,KAZ,1252,MBBL,False
2024-07-01,NUS-ME0,NA,35915,MBBL,True
2024-07-01,NUS-NIZ,IRQ,6255,MBBL,False
2024-07-01,NUS-MP0,NA,16694,MBBL,True
2024-07-01,NUS-NEC,ECU,5229,MBBL,False
2024-07-01,NUS-NTD,TTO,1775,MBBL,False
2024-07-01,NUS-NKU,KWT,725,MBBL,False
2024-07-01,NUS-NAG,DZA,412,MBBL,False
2024-07-01,NUS-NAO,AGO,1185,MBBL,False
2024-07-01,NUS-NVE,VEN,9539,MBBL,False
2024-07-01,NUS-MN0,NA,184685,MBBL,True
2024-07-01,NUS-NGY,GUY,7996,MBBL,False
2024-07-01,NUS-NTC,ARE,1023,MBBL,False
2024-07-01,NUS-NUK,GBR,1202,MBBL,False
2024-07-01,NUS-NCA,CAN,135354,MBBL,False
2024-07-01,NUS-NNO,NOR,292,MBBL,False
2024-07-01,NUS-NLY,LBY,2848,MBBL,False
2024-07-01,NUS-NBR,BRA,7867,MBBL,False
2024-07-01,NUS-Z00,U.S.,220600,MBBL,True
2024-07-01,NUS-NGH,GHA,935,MBBL,False
2024-07-01,NUS-NCO,COL,6493,MBBL,False
2024-07-01,NUS-NNI,NGA,6422,MBBL,False
2024-07-01,NUS-NAR,ARG,2291,MBBL,False
2024-07-01,NUS-NMX,MEX,12814,MBBL,False
2024-08-01,NUS-NSA,SAU,7290,MBBL,False
2024-08-01,NUS-NKZ,KAZ,1074,MBBL,False
2024-08-01,NUS-ME0,NA,31418,MBBL,True
2024-08-01,NUS-NIZ,IRQ,6195,MBBL,False
2024-08-01,NUS-MP0,NA,15815,MBBL,True
2024-08-01,NUS-NEC,ECU,3541,MBBL,False
2024-08-01,NUS-NTD,TTO,1222,MBBL,False
2024-08-01,NUS-NKU,KWT,1330,MBBL,False
2024-08-01,NUS-NAG,DZA,98,MBBL,False
2024-08-01,NUS-NAO,AGO,3416,MBBL,False
2024-08-01,NUS-NVE,VEN,8100,MBBL,False
2024-08-01,NUS-MN0,NA,164678,MBBL,True
2024-08-01,NUS-NGY,GUY,4504,MBBL,False
2024-08-01,NUS-NTC,ARE,1000,MBBL,False
2024-08-01,NUS-NUK,GBR,1093,MBBL,False
2024-08-01,NUS-NCA,CAN,118365,MBBL,False
2024-08-01,NUS-NGT,GTM,280,MBBL,False
2024-08-01,NUS-NNO,NOR,15,MBBL,False
2024-08-01,NUS-NLY,LBY,2843,MBBL,False
2024-08-01,NUS-NBR,BRA,8033,MBBL,False
2024-08-01,NUS-Z00,U.S.,196096,MBBL,True
2024-08-01,NUS-NGH,GHA,903,MBBL,False
2024-08-01,NUS-NCO,COL,5439,MBBL,False
2024-08-01,NUS-NNI,NGA,4562,MBBL,False
2024-08-01,NUS-NAR,ARG,2648,MBBL,False
2024-08-01,NUS-NMX,MEX,14145,MBBL,False
2024-09-01,NUS-NSA,SAU,8972,MBBL,False
2024-09-01,NUS-NKZ,KAZ,1461,MBBL,False
2024-09-01,NUS-ME0,NA,30181,MBBL,True
2024-09-01,NUS-NIZ,IRQ,6803,MBBL,False
2024-09-01,NUS-MP0,NA,17655,MBBL,True
2024-09-01,NUS-NEC,ECU,3410,MBBL,False
2024-09-01,NUS-NTD,TTO,1445,MBBL,False
2024-09-01,NUS-NPE,PER,316,MBBL,False
2024-09-01,NUS-NKU,KWT,850,MBBL,False
2024-09-01,NUS-NAG,DZA,610,MBBL,False
2024-09-01,NUS-NAO,AGO,2813,MBBL,False
2024-09-01,NUS-NVE,VEN,6151,MBBL,False
2024-09-01,NUS-MN0,NA,163475,MBBL,True
2024-09-01,NUS-NGY,GUY,4320,MBBL,False
2024-09-01,NUS-NTC,ARE,1030,MBBL,False
2024-09-01,NUS-NUK,GBR,2764,MBBL,False
2024-09-01,NUS-NCA,CAN,120346,MBBL,False
2024-09-01,NUS-NNO,NOR,439,MBBL,False
2024-09-01,NUS-NLY,LBY,732,MBBL,False
2024-09-01,NUS-NBR,BRA,4181,MBBL,False
2024-09-01,NUS-Z00,U.S.,193656,MBBL,True
2024-09-01,NUS-NGH,GHA,79,MBBL,False
2024-09-01,NUS-NCO,COL,6329,MBBL,False
2024-09-01,NUS-NNI,NGA,5033,MBBL,False
2024-09-01,NUS-NAR,ARG,1533,MBBL,False
2024-09-01,NUS-NMX,MEX,14039,MBBL,False
2024-10-01,NUS-NSA,SAU,5347,MBBL,False
2024-10-01,NUS-NKZ,KAZ,697,MBBL,False
2024-10-01,NUS-ME0,NA,31929,MBBL,True
2024-10-01,NUS-NIZ,IRQ,5190,MBBL,False
2024-10-01,NUS-MP0,NA,13118,MBBL,True
2024-10-01,NUS-NEC,ECU,3585,MBBL,False
2024-10-01,NUS-NTD,TTO,1621,MBBL,False
2024-10-01,NUS-NGB,GAB,649,MBBL,False
2024-10-01,NUS-NKU,KWT,633,MBBL,False
2024-10-01,NUS-NAG,DZA,548,MBBL,False
2024-10-01,NUS-NAO,AGO,1337,MBBL,False
2024-10-01,NUS-NVE,VEN,9136,MBBL,False
2024-10-01,NUS-MN0,NA,164994,MBBL,True
2024-10-01,NUS-NGY,GUY,4373,MBBL,False
2024-10-01,NUS-NTC,ARE,1948,MBBL,False
2024-10-01,NUS-NUK,GBR,2670,MBBL,False
2024-10-01,NUS-NCA,CAN,123391,MBBL,False
2024-10-01,NUS-NLY,LBY,3362,MBBL,False
2024-10-01,NUS-NBR,BRA,6113,MBBL,False
2024-10-01,NUS-Z00,U.S.,196923,MBBL,True
2024-10-01,NUS-NGH,GHA,543,MBBL,False
2024-10-01,NUS-NCO,COL,6689,MBBL,False
2024-10-01,NUS-NNI,NGA,5116,MBBL,False
2024-10-01,NUS-NAR,ARG,2095,MBBL,False
2024-10-01,NUS-NMX,MEX,11880,MBBL,False
2024-11-01,NUS-NSA,SAU,7087,MBBL,False
2024-11-01,NUS-NKZ,KAZ,1138,MBBL,False
2024-11-01,NUS-ME0,NA,29405,MBBL,True
2024-11-01,NUS-NIZ,IRQ,6718,MBBL,False
2024-11-01,NUS-MP0,NA,16462,MBBL,True
2024-11-01,NUS-NEC,ECU,5047,MBBL,False
2024-11-01,NUS-NTD,TTO,1968,MBBL,False
2024-11-01,NUS-NKU,KWT,588,MBBL,False
2024-11-01,NUS-NAG,DZA,998,MBBL,False
2024-11-01,NUS-NAO,AGO,2251,MBBL,False
2024-11-01,NUS-NVE,VEN,6997,MBBL,False
2024-11-01,NUS-MN0,NA,167921,MBBL,True
2024-11-01,NUS-NGY,GUY,3102,MBBL,False
2024-11-01,NUS-NTC,ARE,2069,MBBL,False
2024-11-01,NUS-NUK,GBR,1584,MBBL,False
2024-11-01,NUS-NCA,CAN,118898,MBBL,False
2024-11-01,NUS-NLY,LBY,2026,MBBL,False
2024-11-01,NUS-NBR,BRA,9279,MBBL,False
2024-11-01,NUS-Z00,U.S.,197326,MBBL,True
2024-11-01,NUS-NGH,GHA,897,MBBL,False
2024-11-01,NUS-NCO,COL,7927,MBBL,False
2024-11-01,NUS-NNI,NGA,2922,MBBL,False
2024-11-01,NUS-NAR,ARG,2233,MBBL,False
2024-11-01,NUS-NMX,MEX,13597,MBBL,False
2024-12-01,NUS-NSA,SAU,5611,MBBL,False
2024-12-01,NUS-NKZ,KAZ,438,MBBL,False
2024-12-01,NUS-ME0,NA,31597,MBBL,True
2024-12-01,NUS-NIZ,IRQ,6819,MBBL,False
2024-12-01,NUS-MP0,NA,15113,MBBL,True
2024-12-01,NUS-NEC,ECU,483,MBBL,False
2024-12-01,NUS-NTD,TTO,1065,MBBL,False
2024-12-01,NUS-NKU,KWT,624,MBBL,False
2024-12-01,NUS-NAG,DZA,732,MBBL,False
2024-12-01,NUS-NAO,AGO,1910,MBBL,False
2024-12-01,NUS-NVE,VEN,9167,MBBL,False
2024-12-01,NUS-MN0,NA,171680,MBBL,True
2024-12-01,NUS-NSG,SEN,995,MBBL,False
2024-12-01,NUS-NGY,GUY,3749,MBBL,False
2024-12-01,NUS-NTC,ARE,2059,MBBL,False
2024-12-01,NUS-NUK,GBR,901,MBBL,False
2024-12-01,NUS-NCA,CAN,131243,MBBL,False
2024-12-01,NUS-NGT,GTM,280,MBBL,False
2024-12-01,NUS-NNO,NOR,533,MBBL,False
2024-12-01,NUS-NLY,LBY,1894,MBBL,False
2024-12-01,NUS-NBR,BRA,6849,MBBL,False
2024-12-01,NUS-Z00,U.S.,203277,MBBL,True
2024-12-01,NUS-NGH,GHA,418,MBBL,False
2024-12-01,NUS-NCO,COL,6067,MBBL,False
2024-12-01,NUS-NNI,NGA,4691,MBBL,False
2024-12-01,NUS-NAR,ARG,2769,MBBL,False
2024-12-01,NUS-NMX,MEX,13980,MBBL,False
2025-01-01,NUS-NSA,SAU,10161,MBBL,False
2025-01-01,NUS-NKZ,KAZ,776,MBBL,False
2025-01-01,NUS-ME0,NA,34300,MBBL,True
2025-01-01,NUS-NIZ,IRQ,5615,MBBL,False
2025-01-01,NUS-MP0,NA,17819,MBBL,True
2025-01-01,NUS-NEC,ECU,3509,MBBL,False
2025-01-01,NUS-NTD,TTO,1215,MBBL,False
2025-01-01,NUS-NPE,PER,309,MBBL,False
2025-01-01,NUS-NKU,KWT,1039,MBBL,False
2025-01-01,NUS-NAO,AGO,679,MBBL,False
2025-01-01,NUS-NVE,VEN,8896,MBBL,False
2025-01-01,NUS-MN0,NA,171830,MBBL,True
2025-01-01,NUS-NGY,GUY,4307,MBBL,False
2025-01-01,NUS-NTC,ARE,1004,MBBL,False
2025-01-01,NUS-NUK,GBR,821,MBBL,False
2025-01-01,NUS-NCA,CAN,132410,MBBL,False
2025-01-01,NUS-NNO,NOR,816,MBBL,False
2025-01-01,NUS-NLY,LBY,3469,MBBL,False
2025-01-01,NUS-NBR,BRA,4792,MBBL,False
2025-01-01,NUS-Z00,U.S.,206130,MBBL,True
2025-01-01,NUS-NGH,GHA,790,MBBL,False
2025-01-01,NUS-NCO,COL,6884,MBBL,False
2025-01-01,NUS-NNI,NGA,4116,MBBL,False
2025-01-01,NUS-NAR,ARG,3893,MBBL,False
2025-01-01,NUS-NMX,MEX,10629,MBBL,False
2025-02-01,NUS-NSA,SAU,7256,MBBL,False
2025-02-01,NUS-ME0,NA,19762,MBBL,True
2025-02-01,NUS-NIZ,IRQ,4446,MBBL,False
2025-02-01,NUS-MP0,NA,11702,MBBL,True
2025-02-01,NUS-NEC,ECU,3161,MBBL,False
2025-02-01,NUS-NTD,TTO,524,MBBL,False
2025-02-01,NUS-NPE,PER,126,MBBL,False
2025-02-01,NUS-NAG,DZA,696,MBBL,False
2025-02-01,NUS-NAO,AGO,558,MBBL,False
2025-02-01,NUS-NVE,VEN,5857,MBBL,False
2025-02-01,NUS-MN0,NA,149497,MBBL,True
2025-02-01,NUS-NGY,GUY,2000,MBBL,False
2025-02-01,NUS-NUK,GBR,500,MBBL,False
2025-02-01,NUS-NCA,CAN,114779,MBBL,False
2025-02-01,NUS-NNO,NOR,1046,MBBL,False
2025-02-01,NUS-NBR,BRA,6300,MBBL,False
2025-02-01,NUS-Z00,U.S.,169259,MBBL,True
2025-02-01,NUS-NGH,GHA,179,MBBL,False
2025-02-01,NUS-NCO,COL,4688,MBBL,False
2025-02-01,NUS-NNI,NGA,1507,MBBL,False
2025-02-01,NUS-NAR,ARG,2814,MBBL,False
2025-02-01,NUS-NMX,MEX,12822,MBBL,False
2025-03-01,NUS-NSA,SAU,6065,MBBL,False
2025-03-01,NUS-NKZ,KAZ,1192,MBBL,False
2025-03-01,NUS-ME0,NA,25328,MBBL,True
2025-03-01,NUS-NIZ,IRQ,5259,MBBL,False
2025-03-01,NUS-MP0,NA,13875,MBBL,True
2025-03-01,NUS-NEC,ECU,3310,MBBL,False
2025-03-01,NUS-NTD,TTO,2259,MBBL,False
2025-03-01,NUS-NVE,VEN,7849,MBBL,False
2025-03-01,NUS-MN0,NA,153109,MBBL,True
2025-03-01,NUS-NGY,GUY,4597,MBBL,False
2025-03-01,NUS-NTC,ARE,2551,MBBL,False
2025-03-01,NUS-NUK,GBR,1348,MBBL,False
2025-03-01,NUS-NCA,CAN,116552,MBBL,False
2025-03-01,NUS-NLY,LBY,1369,MBBL,False
2025-03-01,NUS-NBR,BRA,5344,MBBL,False
2025-03-01,NUS-Z00,U.S.,178437,MBBL,True
2025-03-01,NUS-NCO,COL,4835,MBBL,False
2025-03-01,NUS-NNI,NGA,2235,MBBL,False
2025-03-01,NUS-NAR,ARG,1365,MBBL,False
2025-03-01,NUS-NMX,MEX,12307,MBBL,False
2025-04-01,NUS-NSA,SAU,5209,MBBL,False
2025-04-01,NUS-NKZ,KAZ,994,MBBL,False
2025-04-01,NUS-ME0,NA,23566,MBBL,True
2025-04-01,NUS-NIZ,IRQ,4876,MBBL,False
2025-04-01,NUS-MP0,NA,11868,MBBL,True
2025-04-01,NUS-NEC,ECU,3692,MBBL,False
2025-04-01,NUS-NTD,TTO,500,MBBL,False
2025-04-01,NUS-NKU,KWT,67,MBBL,False
2025-04-01,NUS-NAO,AGO,176,MBBL,False
2025-04-01,NUS-NVE,VEN,5085,MBBL,False
2025-04-01,NUS-MN0,NA,157436,MBBL,True
2025-04-01,NUS-NGY,GUY,10434,MBBL,False
2025-04-01,NUS-NTC,ARE,1716,MBBL,False
2025-04-01,NUS-NUK,GBR,2711,MBBL,False
2025-04-01,NUS-NCA,CAN,112555,MBBL,False
2025-04-01,NUS-NGT,GTM,297,MBBL,False
2025-04-01,NUS-NNO,NOR,701,MBBL,False
2025-04-01,NUS-NLY,LBY,1212,MBBL,False
2025-04-01,NUS-NIV,CIV,54,MBBL,False
2025-04-01,NUS-NBR,BRA,3217,MBBL,False
2025-04-01,NUS-Z00,U.S.,181002,MBBL,True
2025-04-01,NUS-NGH,GHA,600,MBBL,False
2025-04-01,NUS-NCO,COL,7796,MBBL,False
2025-04-01,NUS-NNI,NGA,5401,MBBL,False
2025-04-01,NUS-NAR,ARG,2589,MBBL,False
2025-04-01,NUS-NMX,MEX,11120,MBBL,False
2025-05-01,NUS-NSA,SAU,8953,MBBL,False
2025-05-01,NUS-NKZ,KAZ,2360,MBBL,False
2025-05-01,NUS-ME0,NA,25393,MBBL,True
2025-05-01,NUS-NIZ,IRQ,4790,MBBL,False
2025-05-01,NUS-MP0,NA,14407,MBBL,True
2025-05-01,NUS-NEC,ECU,3320,MBBL,False
2025-05-01,NUS-NTD,TTO,1133,MBBL,False
2025-05-01,NUS-NGB,GAB,632,MBBL,False
2025-05-01,NUS-NKU,KWT,664,MBBL,False
2025-05-01,NUS-NAO,AGO,762,MBBL,False
2025-05-01,NUS-NVE,VEN,3651,MBBL,False
2025-05-01,NUS-MN0,NA,168649,MBBL,True
2025-05-01,NUS-NSG,SEN,944,MBBL,False
2025-05-01,NUS-NGY,GUY,5323,MBBL,False
2025-05-01,NUS-NUK,GBR,2523,MBBL,False
2025-05-01,NUS-NCA,CAN,118232,MBBL,False
2025-05-01,NUS-NNO,NOR,819,MBBL,False
2025-05-01,NUS-NLY,LBY,1492,MBBL,False
2025-05-01,NUS-NBR,BRA,9477,MBBL,False
2025-05-01,NUS-Z00,U.S.,194042,MBBL,True
2025-05-01,NUS-NGH,GHA,330,MBBL,False
2025-05-01,NUS-NCO,COL,6903,MBBL,False
2025-05-01,NUS-NNI,NGA,5211,MBBL,False
2025-05-01,NUS-NAR,ARG,3168,MBBL,False
2025-05-01,NUS-NMX,MEX,13355,MBBL,False
2025-06-01,NUS-NSA,SAU,9049,MBBL,False
2025-06-01,NUS-NKZ,KAZ,1378,MBBL,False
2025-06-01,NUS-ME0,NA,28697,MBBL,True
2025-06-01,NUS-NIZ,IRQ,6307,MBBL,False
2025-06-01,NUS-MP0,NA,15706,MBBL,True
2025-06-01,NUS-NEC,ECU,3564,MBBL,False
2025-06-01,NUS-NTD,TTO,1426,MBBL,False
2025-06-01,NUS-NGB,GAB,183,MBBL,False
2025-06-01,NUS-NKU,KWT,350,MBBL,False
2025-06-01,NUS-NAO,AGO,1250,MBBL,False
2025-06-01,NUS-NVE,VEN,2594,MBBL,False
2025-06-01,NUS-MN0,NA,156242,MBBL,True
2025-06-01,NUS-NGY,GUY,6491,MBBL,False
2025-06-01,NUS-NUK,GBR,836,MBBL,False
2025-06-01,NUS-NCA,CAN,110212,MBBL,False
2025-06-01,NUS-NGT,GTM,199,MBBL,False
2025-06-01,NUS-NLY,LBY,2741,MBBL,False
2025-06-01,NUS-NBR,BRA,7084,MBBL,False
2025-06-01,NUS-Z00,U.S.,184939,MBBL,True
2025-06-01,NUS-NGH,GHA,925,MBBL,False
2025-06-01,NUS-NCO,COL,5425,MBBL,False
2025-06-01,NUS-NNI,NGA,7473,MBBL,False
2025-06-01,NUS-NAR,ARG,3604,MBBL,False
2025-06-01,NUS-NMX,MEX,13848,MBBL,False
2025-07-01,NUS-NSA,SAU,9127,MBBL,False
2025-07-01,NUS-NKZ,KAZ,4,MBBL,False
2025-07-01,NUS-ME0,NA,23278,MBBL,True
2025-07-01,NUS-NIZ,IRQ,7169,MBBL,False
2025-07-01,NUS-MP0,NA,16727,MBBL,True
2025-07-01,NUS-NEC,ECU,5330,MBBL,False
2025-07-01,NUS-NTD,TTO,480,MBBL,False
2025-07-01,NUS-NGB,GAB,675,MBBL,False
2025-07-01,NUS-NKU,KWT,431,MBBL,False
2025-07-01,NUS-NAO,AGO,2044,MBBL,False
2025-07-01,NUS-NVE,VEN,175,MBBL,False
2025-07-01,NUS-MN0,NA,172896,MBBL,True
2025-07-01,NUS-NSG,SEN,966,MBBL,False
2025-07-01,NUS-NGY,GUY,6230,MBBL,False
2025-07-01,NUS-NUK,GBR,916,MBBL,False
2025-07-01,NUS-NCA,CAN,126047,MBBL,False
2025-07-01,NUS-NGT,GTM,126,MBBL,False
2025-07-01,NUS-NLY,LBY,1982,MBBL,False
2025-07-01,NUS-NBR,BRA,7996,MBBL,False
2025-07-01,NUS-Z00,U.S.,196174,MBBL,True
2025-07-01,NUS-NGH,GHA,310,MBBL,False
2025-07-01,NUS-NCO,COL,7342,MBBL,False
2025-07-01,NUS-NNI,NGA,3719,MBBL,False
2025-07-01,NUS-NAR,ARG,5698,MBBL,False
2025-07-01,NUS-NMX,MEX,9407,MBBL,False
2025-08-01,NUS-NSA,SAU,8586,MBBL,False
2025-08-01,NUS-NKZ,KAZ,817,MBBL,False
2025-08-01,NUS-ME0,NA,27748,MBBL,True
2025-08-01,NUS-NIZ,IRQ,6436,MBBL,False
2025-08-01,NUS-MP0,NA,15984,MBBL,True
2025-08-01,NUS-NEC,ECU,2043,MBBL,False
2025-08-01,NUS-NTD,TTO,1537,MBBL,False
2025-08-01,NUS-NGB,GAB,568,MBBL,False
2025-08-01,NUS-NPE,PER,292,MBBL,False
2025-08-01,NUS-NKU,KWT,712,MBBL,False
2025-08-01,NUS-NAG,DZA,1079,MBBL,False
2025-08-01,NUS-NAO,AGO,993,MBBL,False
2025-08-01,NUS-NVE,VEN,1205,MBBL,False
2025-08-01,NUS-MN0,NA,167021,MBBL,True
2025-08-01,NUS-NGY,GUY,10461,MBBL,False
2025-08-01,NUS-NTC,ARE,250,MBBL,False
2025-08-01,NUS-NUK,GBR,1120,MBBL,False
2025-08-01,NUS-NCA,CAN,115159,MBBL,False
2025-08-01,NUS-NLY,LBY,3179,MBBL,False
2025-08-01,NUS-NBR,BRA,8897,MBBL,False
2025-08-01,NUS-Z00,U.S.,194769,MBBL,True
2025-08-01,NUS-NGH,GHA,576,MBBL,False
2025-08-01,NUS-NCO,COL,7551,MBBL,False
2025-08-01,NUS-NNI,NGA,5733,MBBL,False
2025-08-01,NUS-NCG,COD,868,MBBL,False
2025-08-01,NUS-NAR,ARG,4134,MBBL,False
2025-08-01,NUS-NMX,MEX,12573,MBBL,False
2025-09-01,NUS-NSA,SAU,7615,MBBL,False
2025-09-01,NUS-NKZ,KAZ,2584,MBBL,False
2025-09-01,NUS-ME0,NA,25784,MBBL,True
2025-09-01,NUS-NIZ,IRQ,2777,MBBL,False
2025-09-01,NUS-MP0,NA,14278,MBBL,True
2025-09-01,NUS-NEC,ECU,3687,MBBL,False
2025-09-01,NUS-NTD,TTO,1059,MBBL,False
2025-09-01,NUS-NGB,GAB,1318,MBBL,False
2025-09-01,NUS-NTS,TUN,653,MBBL,False
2025-09-01,NUS-NKU,KWT,1002,MBBL,False
2025-09-01,NUS-NAO,AGO,2410,MBBL,False
2025-09-01,NUS-NVE,VEN,3048,MBBL,False
2025-09-01,NUS-MN0,NA,166255,MBBL,True
2025-09-01,NUS-NGY,GUY,3688,MBBL,False
2025-09-01,NUS-NTC,ARE,2884,MBBL,False
2025-09-01,NUS-NUK,GBR,2020,MBBL,False
2025-09-01,NUS-NCA,CAN,122216,MBBL,False
2025-09-01,NUS-NLY,LBY,1760,MBBL,False
2025-09-01,NUS-NBR,BRA,7111,MBBL,False
2025-09-01,NUS-Z00,U.S.,192039,MBBL,True
2025-09-01,NUS-NGH,GHA,114,MBBL,False
2025-09-01,NUS-NCO,COL,4457,MBBL,False
2025-09-01,NUS-NNI,NGA,5380,MBBL,False
2025-09-01,NUS-NCG,COD,26,MBBL,False
2025-09-01,NUS-NAR,ARG,4493,MBBL,False
2025-09-01,NUS-NMX,MEX,11737,MBBL,False
2025-10-01,NUS-NSA,SAU,9635,MBBL,False
2025-10-01,NUS-NKZ,KAZ,1016,MBBL,False
2025-10-01,NUS-ME0,NA,26666,MBBL,True
2025-10-01,NUS-NIZ,IRQ,3051,MBBL,False
2025-10-01,NUS-MP0,NA,14113,MBBL,True
2025-10-01,NUS-NEC,ECU,1156,MBBL,False
2025-10-01,NUS-NTD,TTO,1027,MBBL,False
2025-10-01,NUS-NGB,GAB,1154,MBBL,False
2025-10-01,NUS-NKU,KWT,415,MBBL,False
2025-10-01,NUS-NAG,DZA,717,MBBL,False
2025-10-01,NUS-NAO,AGO,624,MBBL,False
2025-10-01,NUS-NVE,VEN,4200,MBBL,False
2025-10-01,NUS-MN0,NA,156166,MBBL,True
2025-10-01,NUS-NGY,GUY,6683,MBBL,False
2025-10-01,NUS-NTC,ARE,1012,MBBL,False
2025-10-01,NUS-NUK,GBR,2006,MBBL,False
2025-10-01,NUS-NCA,CAN,118203,MBBL,False
2025-10-01,NUS-NLY,LBY,3232,MBBL,False
2025-10-01,NUS-NBR,BRA,4427,MBBL,False
2025-10-01,NUS-Z00,U.S.,182832,MBBL,True
2025-10-01,NUS-NCO,COL,4109,MBBL,False
2025-10-01,NUS-NNI,NGA,3250,MBBL,False
2025-10-01,NUS-NCG,COD,483,MBBL,False
2025-10-01,NUS-NAR,ARG,4800,MBBL,False
2025-10-01,NUS-NMX,MEX,11632,MBBL,False
2025-11-01,NUS-NSA,SAU,7399,MBBL,False
2025-11-01,NUS-ME0,NA,26064,MBBL,True
2025-11-01,NUS-NIZ,IRQ,7367,MBBL,False
2025-11-01,NUS-MP0,NA,15481,MBBL,True
2025-11-01,NUS-NEC,ECU,602,MBBL,False
2025-11-01,NUS-NTD,TTO,808,MBBL,False
2025-11-01,NUS-NGB,GAB,1392,MBBL,False
2025-11-01,NUS-NCM,CMR,820,MBBL,False
2025-11-01,NUS-NAG,DZA,2,MBBL,False
2025-11-01,NUS-NAO,AGO,221,MBBL,False
2025-11-01,NUS-NVE,VEN,4166,MBBL,False
2025-11-01,NUS-MN0,NA,147340,MBBL,True
2025-11-01,NUS-NGY,GUY,7557,MBBL,False
2025-11-01,NUS-NTC,ARE,715,MBBL,False
2025-11-01,NUS-NUK,GBR,1813,MBBL,False
2025-11-01,NUS-NCA,CAN,108551,MBBL,False
2025-11-01,NUS-NNO,NOR,500,MBBL,False
2025-11-01,NUS-NLY,LBY,1935,MBBL,False
2025-11-01,NUS-NBR,BRA,3048,MBBL,False
2025-11-01,NUS-Z00,U.S.,173404,MBBL,True
2025-11-01,NUS-NCO,COL,4559,MBBL,False
2025-11-01,NUS-NNI,NGA,3088,MBBL,False
2025-11-01,NUS-NCG,COD,303,MBBL,False
2025-11-01,NUS-NAR,ARG,5747,MBBL,False
2025-11-01,NUS-NMX,MEX,12811,MBBL,False
2025-12-01,NUS-NSA,SAU,9223,MBBL,False
2025-12-01,NUS-ME0,NA,27218,MBBL,True
2025-12-01,NUS-NIZ,IRQ,7067,MBBL,False
2025-12-01,NUS-MP0,NA,16740,MBBL,True
2025-12-01,NUS-NEC,ECU,2573,MBBL,False
2025-12-01,NUS-NTD,TTO,1240,MBBL,False
2025-12-01,NUS-NGB,GAB,483,MBBL,False
2025-12-01,NUS-NCM,CMR,138,MBBL,False
2025-12-01,NUS-NKU,KWT,450,MBBL,False
2025-12-01,NUS-NAG,DZA,628,MBBL,False
2025-12-01,NUS-NAO,AGO,1013,MBBL,False
2025-12-01,NUS-NVE,VEN,4257,MBBL,False
2025-12-01,NUS-MN0,NA,171481,MBBL,True
2025-12-01,NUS-NGY,GUY,8299,MBBL,False
2025-12-01,NUS-NUK,GBR,1265,MBBL,False
2025-12-01,NUS-NCA,CAN,132304,MBBL,False
2025-12-01,NUS-NLY,LBY,2136,MBBL,False
2025-12-01,NUS-NIV,CIV,617,MBBL,False
2025-12-01,NUS-NBR,BRA,4689,MBBL,False
2025-12-01,NUS-Z00,U.S.,198699,MBBL,True
2025-12-01,NUS-NCO,COL,6334,MBBL,False
2025-12-01,NUS-NNI,NGA,2974,MBBL,False
2025-12-01,NUS-NCG,COD,9,MBBL,False
2025-12-01,NUS-NAR,ARG,5313,MBBL,False
2025-12-01,NUS-NMX,MEX,7687,MBBL,False
2026-01-01,NUS-NSA,SAU,11132,MBBL,False
2026-01-01,NUS-ME0,NA,31476,MBBL,True
2026-01-01,NUS-NIZ,IRQ,8192,MBBL,False
2026-01-01,NUS-MP0,NA,20037,MBBL,True
2026-01-01,NUS-NEC,ECU,2593,MBBL,False
2026-01-01,NUS-NTD,TTO,1032,MBBL,False
2026-01-01,NUS-NGB,GAB,1094,MBBL,False
2026-01-01,NUS-NKU,KWT,713,MBBL,False
2026-01-01,NUS-NAG,DZA,658,MBBL,False
2026-01-01,NUS-NAO,AGO,2087,MBBL,False
2026-01-01,NUS-NVE,VEN,6188,MBBL,False
2026-01-01,NUS-MN0,NA,169062,MBBL,True
2026-01-01,NUS-NGY,GUY,7524,MBBL,False
2026-01-01,NUS-NUK,GBR,1454,MBBL,False
2026-01-01,NUS-NCA,CAN,124344,MBBL,False
2026-01-01,NUS-NNO,NOR,223,MBBL,False
2026-01-01,NUS-NLY,LBY,1345,MBBL,False
2026-01-01,NUS-NIV,CIV,258,MBBL,False
2026-01-01,NUS-NBR,BRA,5576,MBBL,False
2026-01-01,NUS-Z00,U.S.,200538,MBBL,True
2026-01-01,NUS-NGH,GHA,917,MBBL,False
2026-01-01,NUS-NCO,COL,5878,MBBL,False
2026-01-01,NUS-NNI,NGA,2154,MBBL,False
2026-01-01,NUS-NCG,COD,287,MBBL,False
2026-01-01,NUS-NAR,ARG,7206,MBBL,False
2026-01-01,NUS-NMX,MEX,9683,MBBL,False
2026-02-01,NUS-NSA,SAU,13893,MBBL,False
2026-02-01,NUS-ME0,NA,35129,MBBL,True
2026-02-01,NUS-NIZ,IRQ,7115,MBBL,False
2026-02-01,NUS-MP0,NA,21698,MBBL,True
2026-02-01,NUS-NEC,ECU,987,MBBL,False
2026-02-01,NUS-NTD,TTO,1018,MBBL,False
2026-02-01,NUS-NGB,GAB,306,MBBL,False
2026-02-01,NUS-NKU,KWT,690,MBBL,False
2026-02-01,NUS-NAO,AGO,438,MBBL,False
2026-02-01,NUS-NVE,VEN,6463,MBBL,False
2026-02-01,NUS-MN0,NA,145670,MBBL,True
2026-02-01,NUS-NGY,GUY,7883,MBBL,False
2026-02-01,NUS-NUK,GBR,482,MBBL,False
2026-02-01,NUS-NCA,CAN,112366,MBBL,False
2026-02-01,NUS-NNO,NOR,328,MBBL,False
2026-02-01,NUS-NLY,LBY,2976,MBBL,False
2026-02-01,NUS-NIV,CIV,5,MBBL,False
2026-02-01,NUS-NBR,BRA,3256,MBBL,False
2026-02-01,NUS-Z00,U.S.,180799,MBBL,True
2026-02-01,NUS-NGH,GHA,564,MBBL,False
2026-02-01,NUS-NCO,COL,7302,MBBL,False
2026-02-01,NUS-NNI,NGA,3686,MBBL,False
2026-02-01,NUS-NCG,COD,444,MBBL,False
2026-02-01,NUS-NAR,ARG,2945,MBBL,False
2026-02-01,NUS-NMX,MEX,7652,MBBL,False
2026-03-01,NUS-NSA,SAU,15124,MBBL,False
2026-03-01,NUS-ME0,NA,37052,MBBL,True
2026-03-01,NUS-NIZ,IRQ,6014,MBBL,False
2026-03-01,NUS-MP0,NA,21138,MBBL,True
2026-03-01,NUS-NEC,ECU,3297,MBBL,False
2026-03-01,NUS-NTD,TTO,498,MBBL,False
2026-03-01,NUS-NGB,GAB,389,MBBL,False
2026-03-01,NUS-NAO,AGO,190,MBBL,False
2026-03-01,NUS-NVE,VEN,11578,MBBL,False
2026-03-01,NUS-MN0,NA,165561,MBBL,True
2026-03-01,NUS-NGY,GUY,7406,MBBL,False
2026-03-01,NUS-NUK,GBR,1972,MBBL,False
2026-03-01,NUS-NCA,CAN,125220,MBBL,False
2026-03-01,NUS-NNO,NOR,17,MBBL,False
2026-03-01,NUS-NLY,LBY,1456,MBBL,False
2026-03-01,NUS-NIV,CIV,27,MBBL,False
2026-03-01,NUS-NBR,BRA,3177,MBBL,False
2026-03-01,NUS-Z00,U.S.,202613,MBBL,True
2026-03-01,NUS-NGH,GHA,2284,MBBL,False
2026-03-01,NUS-NCO,COL,6154,MBBL,False
2026-03-01,NUS-NNI,NGA,2491,MBBL,False
2026-03-01,NUS-NCG,COD,452,MBBL,False
2026-03-01,NUS-NAR,ARG,4513,MBBL,False
2026-03-01,NUS-NMX,MEX,10354,MBBL,False
2026-04-01,NUS-NSA,SAU,11362,MBBL,False
2026-04-01,NUS-ME0,NA,31553,MBBL,True
2026-04-01,NUS-NIZ,IRQ,3250,MBBL,False
2026-04-01,NUS-MP0,NA,14933,MBBL,True
2026-04-01,NUS-NEC,ECU,2358,MBBL,False
2026-04-01,NUS-NTD,TTO,1593,MBBL,False
2026-04-01,NUS-NCM,CMR,766,MBBL,False
2026-04-01,NUS-NKU,KWT,321,MBBL,False
2026-04-01,NUS-NAG,DZA,765,MBBL,False
2026-04-01,NUS-NAO,AGO,230,MBBL,False
2026-04-01,NUS-NVE,VEN,12859,MBBL,False
2026-04-01,NUS-MN0,NA,156152,MBBL,True
2026-04-01,NUS-NGY,GUY,7833,MBBL,False
2026-04-01,NUS-NUK,GBR,55,MBBL,False
2026-04-01,NUS-NCA,CAN,123058,MBBL,False
2026-04-01,NUS-NLY,LBY,1751,MBBL,False
2026-04-01,NUS-NBR,BRA,2370,MBBL,False
2026-04-01,NUS-Z00,U.S.,187705,MBBL,True
2026-04-01,NUS-NGH,GHA,1342,MBBL,False
2026-04-01,NUS-NCO,COL,5352,MBBL,False
2026-04-01,NUS-NNI,NGA,1245,MBBL,False
2026-04-01,NUS-NAR,ARG,3189,MBBL,False
2026-04-01,NUS-NMX,MEX,8006,MBBL,False
2026-05-01,NUS-NSA,SAU,3193,MBBL,False
2026-05-01,NUS-NMX,MEX,8551,MBBL,False
2026-05-01,NUS-NAR,ARG,4117,MBBL,False
2026-05-01,NUS-NNI,NGA,2401,MBBL,False
2026-05-01,NUS-NCO,COL,5601,MBBL,False
2026-05-01,NUS-NGH,GHA,823,MBBL,False
2026-05-01,NUS-Z00,U.S.,184550,MBBL,True
2026-05-01,NUS-NBR,BRA,4804,MBBL,False
2026-05-01,NUS-NLY,LBY,607,MBBL,False
2026-05-01,NUS-NCA,CAN,120414,MBBL,False
2026-05-01,NUS-NUK,GBR,1147,MBBL,False
2026-05-01,NUS-NGY,GUY,7400,MBBL,False
2026-05-01,NUS-MN0,NA,160748,MBBL,True
2026-05-01,NUS-NVE,VEN,14593,MBBL,False
2026-05-01,NUS-NAG,DZA,420,MBBL,False
2026-05-01,NUS-NKU,KWT,378,MBBL,False
2026-05-01,NUS-NPM,PAN,974,MBBL,False
2026-05-01,NUS-NCM,CMR,189,MBBL,False
2026-05-01,NUS-NTD,TTO,1049,MBBL,False
2026-05-01,NUS-NEC,ECU,5679,MBBL,False
2026-05-01,NUS-MP0,NA,5781,MBBL,True
2026-05-01,NUS-NIZ,IRQ,2210,MBBL,False
2026-05-01,NUS-ME0,NA,23802,MBBL,True
